full_name,gender,country,salary,weight,height
Stefania Lukianovich,Male,France,59489,69.12,95.56
Christabel Nicolls,Male,France,62518,87.73,109.41
Huntley Bene,Male,France,61599,58.99,96.41
Larry Tower,Male,France,26300,89.13,59.76
Marrilee Blessed,Female,France,57442,78.8,61.14
Brianne Gillum,Male,France,28951,68.87,45.56
Marwin Drance,Male,France,39206,89.51,60.94
Rhona Chate,Female,Germany,43009,62.13,92.05
Leodora Bern,Female,France,55016,78.13,63.38
Wenona Monkleigh,Female,France,42730,81.23,69.01
Luis Friel,Female,Spain,55290,62.39,43.37
Coop Thombleson,Male,Spain,47891,78.1,52.14
Rosco MacTeague,Female,Afghanistan,62687,71.64,57.12
Michelle Bossons,Female,France,45533,75.05,105.79
Bruce Duell,Male,France,32696,76.47,40.07
Brew Wight,Male,France,38204,71.39,94.09
Michel McAusland,Female,France,42634,76.35,100.27
Sherman Speddin,Male,France,31561,78.77,77.74
Roberta Cunah,Male,Afghanistan,29276,51.05,71.55
Dyna Cranke,Female,France,26814,51.12,98.04
Layney Jados,Female,Afghanistan,35437,53.58,80.78
Evita Toffanelli,Female,Afghanistan,60453,75.4,73.14
Cinda Summerill,Female,Afghanistan,28913,58.65,45.77
Cassius Bilam,Female,France,62235,63.45,51.28
Paulita Donohue,Male,Afghanistan,47553,58.56,80.27
Ulrika Whitty,Male,France,52366,64.49,63.64
Olympia Farthing,Male,France,44188,60.5,56.21
Hansiain Mannion,Male,France,64474,69.21,70.44
Justinian Somerlie,Female,France,41609,69.6,87.04
Abbey Noore,Male,France,43131,60.73,99.77
Gennie Thursfield,Male,France,44818,74.14,90.08
Fredericka Kyd,Female,France,57914,82.41,45.06
Catina Dober,Female,France,29121,70.05,85.83
Donnell Bartke,Male,France,45566,63.21,88.59
Barbabra Innes,Male,Spain,48120,65.01,91.36
Deana Pretor,Female,France,38366,55.15,86.59
Ferdinand McKechnie,Male,France,34653,52.67,46.85
Joan Agneau,Male,France,38082,73.02,91.96
Blake Baszniak,Female,France,25023,57.3,55.4
Jamil Ketcher,Male,France,60387,72.59,61.88
Estell Hatley,Female,Germany,56737,72.15,110.24
Law Monan,Female,France,36863,81.9,94.67
Richardo Dubbin,Female,France,26044,82.78,54.23
Siffre Matt,Female,France,32783,63.9,101.67
Peggi Setterfield,Male,France,36794,68.09,48.99
Ernst Milington,Female,France,53264,53.02,59.7
Miller Cotesford,Male,Germany,40069,55.9,95.93
Timothee Edmead,Female,France,50853,51.25,105.05
Rosaline Gheraldi,Female,France,35396,70.44,71.32
Mireille Duesbury,Male,France,49941,55.29,58.53
Salvatore Volker,Female,France,58653,56.73,50.54
Maighdiln Delacoste,Male,France,48901,84.4,44.25
Brok O'Dougherty,Female,France,60231,58.37,68.16
Roselle Mitkcov,Male,France,28688,72.02,43.91
Ema Shawe,Male,France,49608,77.24,111.96
Franky Patton,Female,France,64703,67.54,66.21
Gilles Vedishchev,Male,France,59457,81.07,45.6
Annelise Long,Male,France,56522,69.11,109.41
Sonny Arlow,Male,France,27009,85.9,59.53
Harvey Andre,Female,France,61392,68.89,65.87
Karola Januszewski,Female,France,32515,56.33,103.33
Gawain Budget,Female,France,43774,70.61,59.06
Vanni Jannequin,Male,France,38498,56.9,47.77
Gwennie Davitti,Female,France,62034,61.56,80.85
Iolande Carnaman,Female,France,44133,51.35,55.15
Bryna Minchella,Male,France,40299,73.07,42.88
Tawsha Nannizzi,Male,Afghanistan,53356,86.82,102.08
Consuelo Mineghelli,Male,France,40192,77.62,50.97
Reube Jacombs,Male,France,37447,58.1,60.14
Rodolph Demchen,Female,Spain,25802,53.53,85.57
Bari Stimson,Female,France,48039,84.37,53.82
Shirley Kinney,Male,France,59784,64.13,46.9
Gaylor Weare,Male,France,46870,77.98,87.4
Adelbert Eldritt,Female,France,51591,59.99,103.93
Romona Bielfelt,Male,France,41646,52.61,108.3
Shandeigh Woolveridge,Female,Germany,40211,78.9,48.89
Elva Ovitts,Female,Afghanistan,63716,57.34,50.99
Sharleen Pittwood,Male,France,44367,60.57,78.55
Gwyn Rottgers,Male,France,58645,63.88,92.51
Brok Levensky,Male,France,31578,83.77,98.48
Amil Kiggel,Female,France,37872,53.35,105.28
Andrus Demangeon,Male,France,33640,80.81,55.28
Early Mashro,Male,Germany,36996,51.39,106.76
Stephenie Norkett,Female,France,45842,78.57,100.93
Antoinette Philbin,Female,Germany,32988,71.68,66.49
Latia Eaglesham,Male,France,59337,84.47,78.07
Davidson Grimestone,Female,France,47050,81.85,55.7
Adan Hamlet,Female,Germany,44121,57.93,59.42
Felicio Grasser,Male,France,40293,62.03,56.23
Wallie Boldra,Female,France,39848,78.89,106.28
Gilberte Crosetto,Male,France,44407,72.64,89.14
Gilda Conklin,Female,France,46989,75.3,46.74
Carleton Aspinal,Female,Afghanistan,38759,71.62,73.49
Delilah Ferenc,Female,France,44355,78.24,107.54
Stanislaus Prestland,Male,Germany,42832,55.78,103.15
Umberto Meeus,Male,France,32043,52.02,74.21
Rurik Pudden,Female,France,47923,85.23,63.21
Jacklyn Rembrant,Female,France,55601,65.5,77.11
Scarface Zapatero,Male,France,56994,67.07,106.7
Simmonds Wadsworth,Male,France,62623,72.21,63.56
Zulema Smidmore,Female,France,63885,57.65,42.04
Gizela Jerromes,Male,France,53665,61.92,96.66
Jo-anne Bein,Male,France,39254,88.12,101.19
Brandi Kenford,Male,France,27068,70.98,64.28
Aymer Dungey,Male,France,58701,73.93,69.06
Caralie Merrett,Female,Afghanistan,64793,89.81,61.53
Beale Baudts,Male,France,43107,59.14,110.57
Johnathan Martland,Male,France,35238,63.61,83.29
Valerie Duckit,Male,France,26061,57.17,103.94
Oliy Winsor,Female,France,36283,85.71,40.76
Lana Pound,Male,Afghanistan,41256,87.04,109.22
Rowena Keatch,Female,France,27601,66.26,111.07
Felix Coltart,Female,France,36976,61.14,40.11
Sly Reams,Male,France,40417,89.83,46.83
Umberto Harnell,Male,France,28945,83.72,48.15
Matthias Ullett,Male,France,31497,61.57,55.96
Irwin Aspenlon,Female,France,63003,59.96,46.86
Kelci Asif,Male,France,40129,70.23,58.44
Glennis Ranger,Female,France,25110,77.1,41.04
Ollie Kira,Female,France,36505,73.21,50.12
Nolly Restieaux,Male,France,64509,73.76,85.0
Zita Borless,Male,Spain,51006,73.98,63.2
Ari Pimblotte,Male,France,42755,62.75,94.5
Keith Freckleton,Male,Germany,63203,88.16,49.79
Temple Jamson,Female,France,45019,52.13,98.42
Sergent Rosthorn,Female,France,43049,68.94,41.87
Silvanus Edmund,Male,France,56488,84.78,101.18
Enos Garbar,Female,France,56596,84.02,83.38
Mauricio Chapiro,Female,France,27366,59.01,76.11
Currey Rewcassell,Male,Germany,43153,68.83,109.9
Ali Jacobs,Male,France,37659,82.84,92.49
Rourke Endecott,Female,France,50804,54.27,84.48
Winni Gossop,Female,France,61004,57.7,42.87
Bruis Broek,Male,France,27564,74.32,69.11
Polly Baselio,Female,France,40496,80.68,78.89
Merrill Thayre,Male,Afghanistan,56732,80.65,80.25
Rosamond Rawes,Male,France,54648,89.6,52.74
Mack Blakeslee,Male,France,62087,84.44,49.09
Sherlock Jennaway,Female,France,40634,69.39,106.36
Danita Faunt,Female,Germany,64159,62.96,51.11
Annie Ullock,Female,France,46152,75.39,64.92
Janot Paradine,Female,France,28355,58.74,108.6
Armstrong De la Eglise,Female,France,49109,73.68,88.17
Zea Iannelli,Female,France,60123,68.5,106.38
Odella Sanderson,Male,France,49290,68.34,84.27
Derrick Moizer,Female,France,53971,87.3,99.62
Lena Figgen,Female,France,48942,65.06,106.17
Ringo Llewhellin,Male,Afghanistan,30050,67.57,86.25
Padraic McMurrugh,Female,France,45609,75.45,89.98
Delmar Yakubovics,Female,France,32713,54.67,76.29
Rob Negri,Male,France,42126,70.42,104.26
Noemi Wakeford,Male,France,49139,87.82,111.66
Johny Duckinfield,Male,Afghanistan,39176,73.11,64.21
Kyle Cuerda,Male,France,45951,65.22,61.03
Way Biglin,Male,France,31632,69.7,62.9
Yasmin Cullum,Male,France,63035,76.85,72.78
Otha Waddicor,Female,Germany,51058,82.47,110.1
Dodie Bodle,Female,France,33148,73.43,49.41
Kalindi Shackle,Female,France,63587,53.26,99.14
Omar Phlippi,Male,France,58033,87.17,106.96
Farrand Defrain,Male,Spain,46678,68.94,55.86
Hermina Marflitt,Female,Germany,58076,88.95,54.46
Idalina Jannings,Female,France,39129,67.48,43.52
Estella Fieldstone,Male,France,30020,85.17,95.25
Melissa Bacup,Female,France,58274,86.7,94.17
Hilda De Bischof,Female,France,34400,79.27,99.6
Dinnie Carney,Female,France,58118,50.59,102.9
Purcell Heinrich,Male,France,44015,71.67,111.14
Sly Scholey,Female,France,53127,86.45,92.04
Philippe Broggelli,Female,France,25040,88.2,78.33
Brandtr Sellan,Female,Afghanistan,33861,75.17,54.59
Daffi Copestick,Male,France,55845,82.08,111.53
Murdoch McHugh,Female,France,52142,53.84,111.06
Des Mintrim,Female,France,28945,68.31,66.93
Broddy Broggelli,Female,Afghanistan,45057,73.07,68.91
Aurea Gammett,Female,France,48730,66.52,91.56
Roy Doleman,Male,France,41182,65.01,43.55
Alyssa Daines,Male,Afghanistan,46246,72.92,72.44
Alissa Mordue,Female,Spain,26724,86.3,78.0
Gussy Georgins,Female,France,31338,58.66,101.16
Boothe Talloe,Female,France,64654,50.55,106.98
Myrle Corneille,Female,France,38988,58.85,57.75
Timofei Pigot,Female,Germany,59937,75.11,103.5
Vere Hurtic,Male,France,52349,68.2,85.41
Rosalie Moyser,Female,France,47675,69.31,68.25
Rosy Jessen,Male,France,29184,76.58,73.19
Frants Hagard,Male,France,27001,74.43,85.64
Jemmie Fletcher,Male,France,35077,77.36,57.98
Rodie Hirsch,Female,France,64209,52.2,48.54
Aryn Dunbar,Female,France,59231,81.48,94.61
Lonna Sergison,Female,France,44281,79.41,68.0
Fionnula Van Hault,Male,France,48648,66.75,93.01
Dewie Beatty,Male,France,57307,67.03,54.9
Karoline Killingsworth,Male,France,60513,80.62,93.39
Hasheem Gawn,Male,Spain,44713,59.23,99.25
Kimball Wright,Female,Afghanistan,39494,71.77,81.01
Drusi Pawlowicz,Male,France,27903,68.07,105.41
Zebadiah Kelsey,Male,France,44446,57.69,100.74
Ema Tarbett,Female,Afghanistan,50807,65.05,48.65
Evangeline Loveitt,Female,Afghanistan,47653,62.18,86.72
Kile Barends,Female,France,36181,89.49,98.23
Denis Kail,Male,France,52862,57.42,110.23
Nady Lanham,Male,France,53598,68.94,106.37
Ardis Twiddle,Female,France,64303,77.03,92.2
Justinian Woolward,Male,Germany,27624,65.28,80.07
Larisa Chesney,Female,France,45640,52.38,100.62
Loella Bauchop,Male,France,46104,83.71,74.38
Ermin Hexam,Male,France,25612,54.87,79.17
Eustacia Sprionghall,Male,France,47574,81.99,81.43
Artur D'Antuoni,Male,France,48944,83.34,66.17
Marshall Lowis,Male,France,44366,54.09,73.78
Merralee Tolomei,Female,France,64873,71.71,74.61
Jehu Outlaw,Male,France,58042,63.12,70.34
Marrilee Dollman,Female,France,56797,52.82,50.58
Caty Thirwell,Male,France,57448,58.92,72.39
Kora Cruz,Male,France,56587,69.14,80.32
Emilio Bech,Male,Spain,34563,84.98,65.34
Lethia Swarbrick,Female,France,47901,63.26,84.37
Stevy Mum,Male,France,36981,59.51,40.59
Maury Sackler,Female,Afghanistan,45962,56.68,75.17
Mollie Pierrepont,Male,Afghanistan,37853,61.81,91.75
Nicol Wahncke,Male,France,36765,59.25,82.59
Carmelina Yashin,Male,France,55203,74.64,75.11
Nathan Laste,Male,France,25576,77.54,78.11
Haleigh Rouch,Female,Afghanistan,29231,87.67,82.79
Cecil Mocker,Male,Spain,54542,59.7,111.39
Josselyn Semens,Male,France,55676,64.86,108.91
Othilia Airds,Male,France,61134,82.42,97.8
Blinny Fowells,Male,France,26241,75.47,69.82
Amory Winders,Female,France,60274,52.61,49.62
Dougie Riall,Male,France,56937,52.11,94.94
Maybelle Grishelyov,Male,France,46452,52.57,58.93
Doralyn Ravenscroftt,Male,France,37424,68.69,111.82
Mikael Arlidge,Female,Germany,25862,77.85,107.43
Faydra Jepperson,Male,Afghanistan,39115,53.97,79.39
Mohandis Vazquez,Female,France,51879,51.2,97.66
Angelo Barkes,Female,Germany,33081,51.16,47.77
Charo Dory,Female,France,43893,51.39,80.7
Zorina Eliasen,Male,France,44441,79.27,108.22
Rory Borzoni,Female,France,44540,79.78,109.78
Flori Domange,Female,France,25431,78.69,102.4
Klarika Ridett,Female,France,28519,71.87,79.65
Wait Surpliss,Female,France,51563,59.25,58.33
Leshia Tattersall,Male,France,43195,59.09,101.53
Erie Mixon,Female,France,58571,82.73,65.3
Lennard Staterfield,Male,France,45104,64.03,91.17
Normie Lightowlers,Male,France,40608,64.34,92.93
Trumaine Turford,Male,France,64083,89.4,81.54
Rutherford Dreng,Female,France,28651,83.16,51.46
Antoni Bourgour,Female,France,43226,64.33,104.28
Gerardo Dobie,Male,France,45489,53.0,65.06
Hamid Stockall,Female,Spain,42377,74.27,67.96
Cassaundra Yeldham,Female,Afghanistan,42351,85.83,78.77
Tammara Kirman,Male,Germany,34044,76.01,72.85
Neda Itzkovsky,Male,France,41621,83.01,53.11
Shayne Zold,Female,France,36147,50.4,89.64
Evin Ableson,Male,France,45936,54.72,43.41
Reeta Sillwood,Male,Germany,45159,70.58,95.61
Allister Robinett,Female,France,60870,70.11,100.29
Laney Corsor,Female,France,62818,67.03,49.35
Doralia Desbrow,Female,France,33914,78.95,97.33
Alonzo Theodore,Male,France,64069,76.54,102.85
Ralina Udy,Male,France,56086,63.87,79.04
Tonnie Gilfillan,Female,Afghanistan,58200,77.65,67.87
Kylie Esel,Female,France,49713,80.41,76.09
Guthry Braunter,Female,France,39145,61.44,65.12
Ernestine Hollyar,Male,France,59036,58.95,58.53
Beverley Benech,Male,France,63727,62.94,102.29
Xena Crust,Male,France,41995,76.84,102.95
Arlyn Smithin,Male,Germany,53334,70.79,105.39
Stinky Cogdon,Male,France,37345,79.94,103.08
Nicoli Poor,Male,France,45975,60.43,102.49
Somerset Drew-Clifton,Male,France,46917,75.49,66.66
Shaughn Gronw,Female,France,33282,70.45,71.34
Erminie Wassung,Female,France,28953,74.93,94.13
Meara Gerrish,Male,Afghanistan,30854,52.53,104.0
Darby Mayhow,Female,France,46461,54.5,58.74
Merry Holtum,Male,Afghanistan,45343,68.94,81.71
Selestina Gonnard,Female,France,57637,73.07,42.69
Zeke Fyall,Female,France,48366,87.08,109.78
Brooks Stemson,Male,France,44397,68.36,108.09
Phil Mancer,Female,France,59291,51.18,79.13
Cecil Stanyard,Male,France,38783,73.08,52.49
Adey Harkins,Male,France,58718,72.57,97.73
Jewelle St Louis,Female,France,35851,72.39,44.34
Reagen Gemelli,Female,France,33472,85.02,73.81
Pattin Paylie,Female,France,54247,51.96,107.85
Rosmunda Crier,Male,France,58162,81.86,85.84
Hephzibah Joss,Female,France,55986,56.42,93.16
Chrysa Hugnet,Female,France,37339,80.56,49.04
Mack Belk,Male,France,64318,78.72,75.15
Annadiana Cresswell,Female,France,52368,64.2,50.57
Crystie Etock,Male,Afghanistan,50259,82.64,72.23
Keith Loble,Female,Spain,34452,50.8,69.66
Tallia Dorney,Female,France,27391,52.43,65.73
Antons Conichie,Male,Afghanistan,35161,52.66,49.71
Samuel Lipprose,Male,France,38852,64.5,54.17
Orson Krzyzaniak,Female,France,46241,67.61,90.0
Amalita Franciottoi,Female,Germany,35246,64.71,59.59
Cam Wesson,Male,France,63245,64.15,54.28
Gonzalo Lewcock,Female,France,63240,51.42,52.22
Corabel Fries,Female,France,30999,57.31,77.85
Iggy McGrah,Male,France,52017,59.06,50.17
Judi Koppes,Female,France,50553,54.68,64.22
Rosella Vanderplas,Male,Spain,38761,50.82,64.21
Kareem Sends,Female,Afghanistan,62944,70.13,59.47
Ange Vettore,Male,France,28593,50.34,109.8
Madalyn Greenshiels,Female,France,52423,57.7,104.67
Carmel Franks,Male,France,45952,58.02,101.47
Myles Geddes,Male,France,29232,72.49,89.64
Rowena Collings,Male,France,27825,89.54,74.88
Alvy Weldrick,Female,France,53015,74.2,76.36
Jeanne Nuttey,Female,Germany,30978,58.3,69.08
Ferguson Pringour,Male,France,50987,71.23,55.96
Gil Lappin,Female,France,59176,54.74,56.89
Steve Risebarer,Female,France,52536,69.28,81.79
Lindon MacCawley,Female,France,33828,65.28,111.23
Viva Cluse,Female,France,58562,79.99,63.29
Jedidiah McFfaden,Male,France,52900,65.03,40.35
Yardley Thorneley,Female,France,64820,51.41,55.96
Patricia Bacon,Female,France,44801,54.78,106.84
Robbert Gamon,Female,France,46173,55.87,110.29
Clarie Arkin,Male,France,40238,82.57,67.54
Katheryn Leggatt,Female,France,38353,61.98,65.7
Judd Provest,Female,Afghanistan,57803,55.21,105.09
Rachele Kinsett,Female,Germany,59824,50.95,59.78
Shaughn Cassar,Female,France,25631,87.58,42.45
Zola Carpmile,Male,Spain,29142,57.85,52.35
Jillie Heigho,Female,Spain,51683,81.91,91.33
Kacie Pascho,Male,Spain,29953,61.97,105.12
Shanie Schwandermann,Female,France,56833,76.7,82.82
Gusti Willshire,Male,Afghanistan,25967,66.72,50.52
Bobby Sappell,Female,France,52313,89.71,65.78
Giles Huikerby,Female,France,50760,67.57,41.57
Pearl Nieass,Male,France,25425,50.93,96.97
Darwin Taillard,Female,France,45923,53.66,61.17
Kelci Mugleston,Female,France,45224,60.5,89.03
Aloysia Disdel,Female,France,39290,68.42,80.67
Julissa Frankema,Female,France,40499,52.86,106.71
Carolee Reford,Male,Germany,33539,59.58,100.17
Oliy Seignior,Female,Spain,27920,67.12,111.13
Kelly Bridgement,Male,France,38384,86.58,93.24
Karrah Tesoe,Male,France,60919,54.4,100.26
Delmore Readitt,Male,France,49852,66.14,49.97
Felix Peirpoint,Male,France,62238,79.75,101.59
Elberta Boribal,Male,France,26271,51.26,111.8
Rosella Markie,Male,France,57091,73.51,108.5
Josiah Schust,Female,France,26487,75.49,108.62
Garnette O'Fairy,Female,France,32177,50.62,68.17
Friedrich Fernely,Male,France,42621,78.68,52.78
Starlene Keyhoe,Female,France,64717,52.89,80.55
Reeva Steffans,Male,France,47649,78.75,80.55
Cornelia Pasfield,Male,France,28416,72.15,67.85
Daphne McIndrew,Male,France,60936,72.87,98.13
Nixie Durgan,Male,Afghanistan,31138,61.7,107.18
Kyle Pauler,Female,Afghanistan,42890,87.82,85.56
Pooh McEnteggart,Male,France,58617,83.09,98.6
Humphrey Caroline,Female,Germany,58201,87.26,101.11
Rodrique Sigmund,Female,France,47474,78.91,60.38
Alfonse Jorgensen,Female,France,47055,61.73,71.77
Iosep Skittrall,Female,France,53762,88.51,40.96
Jere Tappin,Male,France,28379,54.38,101.29
Gray Penreth,Female,Afghanistan,60722,84.21,46.38
Mariam Piggott,Male,France,52659,84.29,84.28
Karisa Osban,Female,France,37342,80.6,61.72
Lanita Montilla,Female,France,35669,72.1,107.15
Ferdinande Dermott,Female,Afghanistan,33097,52.22,61.18
Arlie Covert,Female,France,39756,55.11,107.69
Kirbie Jecks,Male,France,26403,78.19,95.32
Felice Liffe,Male,France,44155,73.95,81.05
Amalie Cutbush,Male,France,59962,56.53,70.67
Carmela Iglesias,Female,France,32062,85.36,74.29
Filberto Peppin,Female,Afghanistan,27309,62.02,62.63
Deena Strewther,Male,France,34434,68.19,77.37
Danny Jedrzejewicz,Male,Germany,48817,67.86,45.07
Jo-anne Culbert,Female,France,42907,80.41,60.83
Quinton Varns,Female,France,48454,85.45,71.48
Naoma Laimable,Female,France,51012,60.01,73.08
Gwendolyn Lofty,Male,Afghanistan,51017,66.03,99.83
Iolande Mowday,Male,France,31610,69.83,58.53
Fransisco Pickavance,Male,France,50182,58.05,47.96
Corabella Holston,Female,France,28083,58.17,90.32
Kinny Skedgell,Male,Afghanistan,51245,56.62,100.8
Gaynor Thurby,Female,Afghanistan,54693,59.62,66.35
Rikki Dwelley,Female,Afghanistan,48254,55.45,74.25
Mitchael Halleybone,Male,France,31855,87.46,41.58
Ailene Yegorov,Female,France,49353,57.93,87.57
Alec Leser,Female,France,57770,73.82,79.76
Maxy Wildbore,Female,France,58416,76.05,59.54
Carline Jevons,Male,France,62010,89.79,45.81
Marcellina McConnal,Male,France,53959,79.72,57.15
Modestia McNess,Female,France,54084,79.01,47.62
Weston Meco,Male,France,54417,75.31,86.23
Domingo Gallanders,Male,France,28337,50.23,74.55
Jerome Benck,Female,France,51009,70.31,73.01
Ethelda Toffolo,Female,Germany,45393,60.62,52.82
Nedi Muckart,Male,France,25782,89.39,40.82
Ketty Sawtell,Male,France,60335,67.65,62.23
Quillan Shakshaft,Male,France,45977,76.46,101.51
Ethelind Eakly,Male,France,26731,87.57,41.63
Maris Hetterich,Male,France,28510,53.37,62.62
Tami Thayre,Male,Germany,31395,62.28,109.16
Vlad Taphouse,Female,France,32185,78.61,102.76
Cesaro Alpine,Female,Afghanistan,34148,73.23,53.23
Lotta Spinke,Male,France,42892,71.45,45.19
Tan Craighall,Female,France,41332,64.25,71.35
Moyna Yorkston,Female,France,39818,78.1,95.56
Dorthy Gove,Male,France,26417,77.55,65.58
Tabbitha O'Bradane,Male,France,41344,73.73,47.95
Fleurette Lissenden,Male,France,27810,59.18,79.62
Madelyn Ranyelld,Female,France,61696,73.46,86.8
Kittie Maevela,Female,Afghanistan,47701,53.26,48.6
Nicki Ilett,Male,France,43723,67.07,97.15
Ameline Wroath,Female,France,49805,62.06,81.5
Jeremie Harwick,Male,Spain,63623,63.01,106.03
Jacklyn Potten,Male,France,28467,63.66,85.7
Hanson Willavoys,Female,France,54060,51.03,77.52
Annadiane Sanney,Female,France,39605,81.52,83.09
Koral Chaise,Male,Spain,60689,57.2,111.08
Lulu Pfaff,Female,France,63938,57.72,59.54
Andy Scroxton,Female,France,25821,62.54,52.75
Rhona Hillan,Female,Afghanistan,28460,75.52,60.73
Brunhilde McGerraghty,Male,France,31685,65.11,48.62
Robby Lenoir,Female,Germany,32152,87.53,58.1
Annadiana Laughnan,Male,Spain,56236,70.89,49.92
Margaux Sivyer,Male,Germany,31956,68.8,78.17
Cleve Beckerleg,Female,France,48191,89.84,102.59
Guinevere Strauss,Male,Afghanistan,28669,66.63,69.96
Delinda Dhennin,Male,France,60516,75.79,96.03
Ali Dibsdale,Male,Afghanistan,56283,78.33,92.94
Bertrand Hodgins,Male,France,37306,68.51,89.51
Brigit Ilyin,Male,France,60087,62.06,54.27
Mose Tibbits,Male,France,33323,50.94,56.21
Yurik Hain,Male,Afghanistan,33194,89.57,89.55
Francine Burnhams,Female,Afghanistan,31604,51.73,77.99
Renee Wasielewski,Female,Afghanistan,44910,74.19,70.75
Devlin Tootell,Female,Germany,28832,81.64,42.88
Isabelita Corringham,Female,France,42483,51.35,83.28
Wendi Morter,Male,Spain,49578,55.02,83.94
Inglebert Codrington,Male,France,61633,84.18,86.22
Marietta Dowdam,Female,Afghanistan,41393,57.9,99.15
Blinny Britian,Female,Spain,64999,61.95,108.34
Gerhardine O' Ronan,Male,France,51397,63.89,84.23
Brade Briscoe,Male,France,37189,89.42,106.1
Stefan Paumier,Male,France,25895,71.67,47.58
Catriona Troyes,Male,Spain,39654,67.38,69.85
Matthiew Maydwell,Male,Afghanistan,33311,57.71,83.24
Fons Caro,Male,Afghanistan,58782,53.82,49.0
Hall Danielczyk,Female,Germany,29828,75.11,75.54
Goddard Barnby,Female,France,32592,55.49,90.72
Bartholomeus McKibbin,Female,France,29131,60.4,70.85
Crissy Shildrake,Female,France,27472,53.6,62.42
Tam Keatley,Female,France,48869,82.85,41.37
Olva Gamlen,Male,France,37860,84.09,75.77
Creight Bauchop,Male,Germany,42440,67.34,91.05
Jenni Gamble,Female,France,58922,76.4,81.4
Aubry McSpirron,Female,France,46305,63.04,76.47
Jordanna Rama,Male,Afghanistan,64341,51.64,68.71
Shelia Rough,Male,France,33299,82.53,55.08
Theresa Terbeek,Male,France,54049,67.76,53.27
Earvin Coultard,Male,France,56406,65.96,42.79
Syman Dederick,Male,France,34929,54.36,106.01
Jonathon Joney,Male,France,55695,65.75,101.99
Jeromy Lambillion,Male,France,33045,69.06,85.07
Lurlene Von Hindenburg,Female,Spain,28834,68.01,58.31
Paulina Argente,Male,France,45185,66.21,107.58
Bennie Strathe,Male,France,48219,58.02,91.01
Reese Vatini,Male,France,35981,59.83,93.98
Ulrich Cundy,Female,France,42169,61.88,95.09
Mag Barnhill,Female,France,38736,61.89,60.64
Lauretta Wakeman,Male,France,26397,64.91,71.98
Hannah MacGillespie,Female,France,63813,53.01,77.03
Sherrie Mellows,Male,Spain,50284,50.59,87.67
Norman Reoch,Female,France,30436,89.91,85.75
Leta Kingzet,Female,Afghanistan,42927,85.34,45.99
Morrie Barrabeale,Female,Spain,43975,87.54,44.56
Brit Stirton,Female,Germany,47092,61.39,78.48
Rip Perillo,Male,France,57038,77.44,46.92
Mateo Enos,Male,France,54346,53.75,99.59
Neale Sibun,Male,France,32060,55.95,58.29
Loralyn Flaonier,Female,France,51464,89.18,70.53
Armand Farady,Male,Afghanistan,45959,61.69,109.5
Eal Thurborn,Male,France,50522,84.17,64.96
Rebekkah Skylett,Male,France,40307,70.15,48.34
Georgette Donnelly,Female,Afghanistan,46951,64.81,109.64
Nonna Margaret,Male,Afghanistan,26616,63.28,109.31
Gabriel Wotton,Male,France,25806,62.82,100.18
Collen Milbourn,Male,France,62139,50.86,50.3
Blisse Eddicott,Female,Afghanistan,36711,88.17,91.2
Darelle Cherrison,Female,France,64112,54.9,67.1
Garnette Gouthier,Male,France,36557,70.61,105.24
Udell Buckoke,Female,Germany,53247,58.23,58.01
Ferdinand McGaugie,Female,France,31571,58.84,66.33
Electra Vallow,Male,France,63757,86.64,68.25
Ursuline Vance,Female,France,58041,65.76,60.45
Elora Pretorius,Female,France,25573,51.6,49.87
Obadias Collumbine,Female,France,26662,60.86,98.3
Sofie Clayborn,Female,Spain,35570,51.1,74.97
Arlen Jaan,Female,France,45539,86.09,84.08
Shirlene Maldin,Female,Afghanistan,58468,53.85,66.28
Laughton Stonhard,Female,France,57130,60.05,60.95
Justinian Franklen,Female,France,63148,71.65,108.5
Livvyy Battye,Female,France,28423,82.72,56.22
Devi Henrot,Female,France,52279,70.46,53.36
Britt McKellar,Male,France,38691,60.56,95.98
Urban Rizzini,Male,France,58841,59.32,60.42
Mattie Creegan,Female,Spain,50118,56.34,78.31
Pierrette Northridge,Male,France,63400,56.28,84.39
Alberta Stoner,Male,France,59779,82.22,110.07
Demetri Keri,Female,France,48035,77.55,65.48
Leah Henbury,Male,France,59664,58.24,57.25
Shana Gerb,Male,France,44389,51.11,94.91
Sileas Badby,Female,Afghanistan,33942,57.54,44.26
Lay Cristofor,Male,France,41484,88.0,41.6
Renaldo Richter,Female,Spain,60572,76.13,75.61
Dallon Drysdell,Male,France,60375,80.53,43.7
Harland Maddie,Female,Germany,55548,82.79,71.93
Kirbie Mattessen,Female,France,33048,76.39,59.32
Corissa Arnull,Male,Germany,55157,51.7,42.09
Frances Banfill,Male,Afghanistan,51276,54.61,40.14
Beauregard Ganter,Female,France,26480,56.8,86.6
Kathie Cobbin,Female,Afghanistan,46754,65.77,57.37
Asa Mogridge,Female,Germany,52189,85.47,66.79
Germayne Timmens,Female,France,62835,78.49,52.48
Ollie Brouard,Male,France,56759,50.37,87.93
Emmaline Ormond,Male,France,52913,79.13,86.88
Phillip Cadell,Female,Afghanistan,52122,81.46,62.91
Auberon Jeynes,Female,France,38487,62.26,81.77
Minette Cordes,Female,France,37958,54.24,75.7
Noland Upchurch,Female,France,59183,65.74,82.67
Haskel Liven,Female,France,28741,79.65,110.51
Arny Heartfield,Male,France,56413,71.74,94.23
Barnie Barkes,Male,France,52753,64.7,108.74
Dana Rosenbusch,Male,Germany,60447,52.26,81.98
Willyt Gooddy,Male,France,56940,61.93,102.45
Saloma Leebeter,Male,Afghanistan,57800,68.52,47.12
Jemimah Reggio,Female,France,44980,79.68,96.99
Larisa Rosenfelt,Male,France,28232,60.71,66.43
Hilario Dunlea,Male,France,25796,69.54,96.43
Emmet Benini,Female,Afghanistan,37091,77.22,81.64
Filippo Prandy,Female,France,34098,71.02,99.5
Angy Reiling,Male,France,40854,61.94,93.0
Delaney Affron,Male,France,30872,54.13,60.45
Slade Rabson,Female,Afghanistan,58291,50.4,89.79
Grange Lanceley,Female,France,29086,62.08,111.79
Demetria Brittin,Male,France,28901,66.17,57.1
Clim Jonah,Female,France,52402,53.78,40.24
Menard Greim,Female,France,62380,79.63,59.44
Nikola East,Female,Spain,50187,62.0,99.45
Shannen Bedbury,Male,France,54511,73.3,63.99
Tressa Maxstead,Male,France,55130,53.96,77.75
Rebekkah Argo,Male,Afghanistan,45394,88.43,67.56
Lira Iacovone,Male,Afghanistan,61790,70.57,58.02
Uri Ogles,Female,Spain,56381,59.85,76.29
Seline Lazenbury,Female,France,41876,86.66,78.38
Elmore Blencoe,Female,France,31762,63.33,108.66
Kennith Prestland,Male,France,35555,84.08,107.03
Shela Witchalls,Male,France,44685,69.3,85.35
Crista Mabbutt,Male,France,56812,79.0,69.85
Delmer Gheeraert,Male,France,28853,85.3,99.21
Steffie MacLeese,Male,France,25364,59.51,58.68
Anastasia Maymond,Male,Afghanistan,47178,54.96,88.37
Evey Goldfinch,Male,Germany,45983,53.09,54.24
Petrina Verralls,Male,France,43514,51.75,79.22
Shela Redgate,Male,France,60980,79.05,74.92
Buddie Doulton,Female,France,61847,67.4,99.06
Augusta Barefoot,Female,France,25264,65.29,41.36
Georgena Perel,Female,Afghanistan,44886,74.17,111.5
Vallie Milham,Male,France,56972,55.86,102.54
Sarajane Bourgour,Female,Germany,56749,69.99,51.67
Ebeneser Gligoraci,Male,Germany,34290,70.05,109.77
Krysta Casperri,Female,Afghanistan,33139,51.14,106.96
Alvin Beckwith,Male,France,27825,67.82,48.63
Zed Colliford,Female,France,48967,55.6,47.44
Bryna Cattellion,Male,France,30729,80.55,51.25
Stafford Kampshell,Male,France,30363,84.24,63.68
Ainsley Ratt,Male,France,50278,68.52,79.49
Piper Nitto,Female,France,63826,76.73,75.54
Emily Priditt,Female,Spain,57326,75.92,105.22
Boot Matessian,Male,Germany,64415,85.1,40.97
Nowell Daelman,Female,Afghanistan,38223,89.83,57.87
Mary Cornborough,Male,France,54035,81.03,41.86
Bern Blaszkiewicz,Female,France,36175,63.08,78.26
Gayleen Devenish,Male,Afghanistan,61925,88.26,105.24
Bret Parkyns,Male,France,60428,57.61,53.2
Adolphus Surpliss,Female,France,30594,75.58,41.3
Mela Dulanty,Male,France,62050,60.03,64.8
Neilla Coronas,Female,France,59953,51.88,70.22
Tyson Sheaber,Female,Afghanistan,31059,89.83,93.12
Verena Rucklesse,Female,France,38294,82.32,95.5
Leeann Harring,Male,France,31543,89.59,41.45
Roselle Fairholme,Male,France,48539,57.62,56.6
Colman Bradman,Female,France,45044,67.6,93.83
Ag Keightley,Female,Afghanistan,31298,70.64,40.51
Odele Symondson,Female,France,47696,85.06,44.2
Prentice Deluca,Male,France,55257,85.92,50.84
Kat Pascho,Male,France,42278,71.4,49.15
Delila Kydd,Female,France,45050,51.83,85.84
Diarmid Webb,Female,France,40337,57.32,100.41
Finn Lapham,Female,France,45373,54.35,72.28
Guinevere Climpson,Female,France,40914,58.35,67.25
Merralee O'Driscoll,Male,Afghanistan,32017,70.22,49.6
Stormy Dorning,Male,Germany,25437,71.79,58.02
Florie Longega,Female,France,46310,87.19,84.93
Frank Waistell,Male,France,33687,53.57,67.8
Cristal Welton,Female,France,26702,50.64,60.14
Leanor Gorries,Male,France,35103,82.27,57.51
Fremont Pepis,Male,France,59155,69.75,75.57
Lucina Bertolaccini,Male,France,39495,81.92,99.74
Hettie Brahm,Female,France,46704,65.95,60.63
Florella Georgi,Male,France,30592,86.52,86.84
Coretta Kincade,Female,France,62483,73.15,88.43
Cristiano Hamberstone,Female,Spain,63592,80.13,73.47
Adelice Wimmer,Female,Germany,53772,65.65,93.06
Tobye Pulteneye,Male,France,64221,63.93,60.45
Leeann Bangiard,Female,France,48729,60.26,111.11
Kariotta Python,Female,France,25326,72.49,53.76
Eugen Dorbon,Male,France,61448,82.1,80.89
Alexi Wasiela,Male,France,33055,76.61,65.35
Jessamyn Barreau,Female,France,64497,86.32,44.69
Alistair Tunsley,Male,France,63855,81.14,98.25
Christi Toll,Male,France,34033,64.42,63.77
Becca Itskovitz,Female,France,62513,60.08,50.56
Titos Cullivan,Female,Germany,64626,75.77,48.55
Dodie Sommerled,Female,Germany,25823,51.73,54.58
Nike Slater,Female,Afghanistan,59523,81.05,48.38
Augy Trattles,Female,France,49563,85.07,45.47
Kessia Dumbrill,Male,France,36227,57.32,43.13
Gretta Croxon,Male,France,51115,57.01,101.22
Rosabelle Gradwell,Male,France,31838,80.89,82.07
Way Mangham,Male,France,40809,56.05,76.13
Garnet Autie,Female,France,54678,81.46,98.82
Alec McCritchie,Male,Germany,57850,66.39,48.63
Rosco Archbald,Male,Afghanistan,28461,53.88,83.12
Elysia Di Angelo,Female,France,40537,80.26,84.42
Marci Gerlts,Female,France,48835,76.28,78.15
Jerrome Bampforth,Female,France,47300,72.85,97.71
Goldia Sheard,Female,Spain,62422,68.45,92.78
Emlyn Lavielle,Female,France,32400,64.86,106.9
Crichton Deerr,Male,France,26749,69.85,96.15
Webster Moffett,Male,France,57590,89.25,53.65
Sax Rebillard,Male,France,43948,78.48,102.56
Leandra Martinek,Male,Afghanistan,27501,63.59,48.1
Viviyan Faircliff,Male,France,28519,86.76,57.94
Harv Birtles,Male,France,50015,53.0,43.15
Haroun Pettett,Male,France,43080,59.11,80.27
Gideon Meeron,Male,France,41630,56.79,73.38
Jareb Carlyle,Female,Afghanistan,53520,82.15,42.72
Kerrie Benne,Male,France,57527,69.26,93.72
Nichole Mompesson,Female,France,57625,78.48,65.18
Maje Berndsen,Male,France,31742,78.36,75.28
Aland Blundel,Female,France,51444,70.31,90.55
Henrik Elliott,Male,France,60105,53.2,101.31
Loralie Eskrick,Male,France,57546,50.25,104.91
Trudey Folli,Female,France,34021,51.1,49.12
Odell Pendrigh,Male,France,58443,74.8,50.9
Celia Terrill,Female,Spain,36774,56.91,103.12
Powell Gilbertson,Female,Afghanistan,49122,66.41,43.05
Georgette Mustchin,Male,France,27781,81.61,59.48
Dorey Fullom,Female,France,51105,70.41,60.3
Sullivan Yosifov,Female,France,34490,85.32,49.53
Caralie Hankins,Male,France,60674,79.48,66.76
Hadlee Lyman,Female,Spain,26232,67.92,111.44
Caria Calderon,Female,France,55722,53.99,98.42
Luciana Farron,Male,France,64554,85.12,106.26
Brena Boggs,Female,France,27976,88.78,57.28
Jessa Onn,Male,France,55768,53.79,42.78
Allyce Wrightim,Male,France,61502,69.3,64.89
Emmit Remer,Female,France,62486,52.79,69.15
Maureene Neve,Male,France,56096,82.91,58.42
Aluin Defty,Female,Spain,49652,76.62,76.16
Paige Redholes,Female,Afghanistan,31057,79.8,41.38
Bradly Gotthard,Female,France,57592,52.56,42.47
Alberto Bakster,Female,France,26885,61.53,46.26
Cilka Cottham,Female,Germany,41246,74.81,69.13
Darbie Clempton,Male,France,58682,53.81,68.32
Burl Lambrechts,Male,France,30867,74.07,45.5
Sydney Danick,Male,France,41988,56.24,40.53
Dicky Handrok,Female,France,40637,82.94,52.49
Fannie Nore,Male,France,61343,73.14,41.61
Raychel Boatright,Male,France,36528,57.28,78.73
Aridatha Revey,Female,France,30871,76.41,53.71
Cecily Meas,Female,France,42029,55.51,59.06
Bryana Screas,Male,France,38272,67.83,61.82
Gustie Stiebler,Male,France,48081,86.08,46.79
Cristionna Brocklehurst,Male,France,47543,57.77,110.95
Alayne Joberne,Male,France,31088,62.57,71.46
Isabella Linggard,Female,France,33151,83.3,85.29
Max Hickford,Female,France,45108,70.79,64.09
Rudolph Delbergue,Male,Germany,27049,61.48,72.71
Dorey Stout,Female,France,31051,62.31,57.91
Aaron Baccup,Female,France,38374,77.0,48.94
Anstice Oley,Female,France,55887,62.09,75.44
Jason Whiskerd,Female,Afghanistan,49557,69.66,75.33
Jaine Habbes,Male,France,47488,74.51,40.8
Pia Leed,Male,France,31623,56.99,92.38
Sheri Beine,Male,France,53964,73.76,58.98
Neda Rebbeck,Female,Afghanistan,34519,53.96,94.11
Pammy Minster,Male,France,34441,78.9,64.49
Dannye Braysher,Male,France,38584,63.76,92.01
Cobby Kilmaster,Female,France,29737,61.17,89.81
Shell Acreman,Female,Germany,61787,79.04,93.02
Adelbert Haresign,Male,France,58778,69.07,57.66
Marina Hiddy,Female,France,37850,84.44,99.53
Sybil Wildash,Male,Afghanistan,46796,85.87,62.32
Vitoria Pidgen,Female,France,59725,68.46,61.37
Hastie Parfett,Male,France,56640,74.64,105.96
Cornie Brimble,Female,France,28943,80.47,64.54
Morty Leavry,Female,Afghanistan,63612,66.69,62.05
Manda Gocher,Female,France,41155,56.62,102.75
Aldwin Cuming,Male,France,56712,85.07,106.51
Elie Cicetti,Male,France,31934,61.94,53.16
Pacorro Bonifacio,Female,France,64983,58.63,107.47
Inga Loverock,Male,France,46059,50.18,56.52
Sandye Caldero,Female,Afghanistan,55988,86.35,72.82
Rochette Spinks,Female,Afghanistan,30372,67.55,70.99
Toni Goggen,Male,France,58055,67.71,104.54
Charlot Springford,Female,France,41540,51.23,102.46
Evelyn Enriques,Male,France,64803,64.39,101.93
Skipton Ceresa,Male,France,54735,68.35,58.58
Loise Easson,Male,France,33103,73.48,83.22
Eben Loftin,Female,France,46215,89.47,56.18
Niven McNea,Female,France,25361,69.48,45.55
Balduin Gres,Male,France,47760,87.37,61.81
Nari Maharg,Male,France,63615,73.88,53.38
Alister Burlingame,Male,Germany,31399,57.0,86.86
Dorothea Colly,Female,Germany,61438,74.71,88.69
Wheeler Tayt,Female,France,41680,69.1,68.82
Ansel Ygo,Female,France,45539,86.2,43.96
Gene Been,Male,France,33238,69.4,106.94
Guntar Bemlott,Female,France,58884,53.61,103.23
Meyer Cohane,Female,France,33269,78.46,73.62
Valry Gaunter,Female,France,28717,69.57,108.22
Margit Stack,Female,France,61290,51.34,91.53
Boris Brunone,Female,Germany,33962,70.53,60.37
Roger Szimon,Male,France,46209,63.94,89.94
Sophronia Ginman,Female,France,40926,89.01,63.69
Hakeem Pyne,Male,France,45704,84.75,103.5
Netti Hugues,Male,France,58311,50.83,108.39
Juana Ondricek,Female,France,46420,59.6,45.31
Selene Mitchard,Female,France,31437,57.6,53.21
Tedra Dellenbrook,Male,France,39845,68.56,109.39
Ciro Chidler,Female,France,48741,59.43,52.88
Garreth Willmett,Female,France,42124,58.76,71.72
Isadore Frye,Male,Germany,39132,65.15,55.01
Gus Cove,Female,Spain,43375,79.17,111.35
Sile Grimmer,Male,France,31052,82.36,58.9
Dawn Borrie,Female,France,55310,50.61,90.37
Anette Plaister,Male,Afghanistan,42960,50.77,72.0
Emelyne Hanscombe,Male,Afghanistan,55147,63.06,82.49
Romeo Erbe,Male,France,37096,53.93,42.66
Ernest Brickham,Male,France,41739,80.07,69.1
Monique Arrington,Female,France,53998,72.37,98.15
Guillema Surtees,Male,France,59428,60.44,74.83
Allsun Pinare,Female,France,60553,67.65,73.03
Anny Goullee,Male,France,60938,52.82,106.03
Winonah Banasevich,Female,Afghanistan,28627,85.22,101.52
Janie Lewendon,Female,France,51056,73.93,55.88
Ilene Tunder,Female,Afghanistan,60867,84.36,69.9
Hanny Ciotto,Female,France,57985,50.83,43.49
Baird Burdis,Male,France,61458,75.41,99.23
Randolph Cartledge,Male,Germany,52838,50.64,89.01
Joey Eager,Female,France,38325,54.42,108.09
Audre Eagan,Male,France,44901,65.73,68.78
Jonie Woodhead,Female,France,57270,82.0,78.12
Sumner Ballefant,Male,France,49032,58.01,70.86
Kira Sherrell,Male,France,50945,80.22,88.02
Dona Maypes,Female,France,38373,60.43,86.28
Siobhan Colcutt,Female,France,35766,62.79,55.47
Albertine Linnitt,Female,Spain,61893,76.22,110.54
Gerladina Grain,Male,France,52583,66.52,63.92
Orsola Sara,Male,France,56930,64.84,48.27
Cissiee Sturror,Male,Germany,49105,67.15,97.33
Isidro Winslet,Female,France,54545,76.39,100.1
Albertina Gossage,Female,France,36224,60.16,75.99
Theodor Langhorne,Male,Germany,52987,88.79,80.74
Seumas de Wilde,Male,France,53268,78.29,96.39
Rania Bockett,Female,France,40404,75.15,45.71
Raven Bea,Male,Spain,62610,80.7,66.37
Cathrine Kingdon,Female,France,56124,57.11,74.79
Lolita Huison,Male,France,53854,70.51,46.41
Emiline Timson,Female,France,32243,72.7,58.76
Libbi Turrill,Female,France,45308,76.77,41.0
Allison Danaher,Female,France,39512,83.16,68.36
Lew Hubbuck,Male,France,41804,82.81,100.46
Theo Korpal,Male,France,54414,62.84,104.95
Romy Kench,Male,Spain,57521,72.35,91.38
Maximo Burman,Male,France,55755,79.46,93.26
Grata Le Claire,Male,Afghanistan,49590,80.65,88.16
Griffith Murtell,Female,France,55866,71.19,78.58
Bart Packman,Female,France,27630,53.58,44.13
Julianne Rhyme,Male,France,26548,55.24,52.51
Efren Dutson,Female,France,39874,64.67,95.92
Sianna Hopewell,Male,France,55940,76.92,57.24
Tomasine Stockbridge,Female,France,64292,87.41,72.65
Ramsay Cerie,Female,Germany,59896,88.65,103.9
Reta Tippett,Female,France,64514,87.38,61.68
Jacklyn McGooch,Male,France,28513,59.59,53.06
Ellynn Colaton,Female,Afghanistan,52251,70.23,41.48
Darby Mutch,Male,Germany,64958,66.11,85.48
Gelya Creber,Female,Afghanistan,49091,62.52,103.29
Tessa Van Giffen,Female,France,32716,71.43,90.73
Averell Wooldridge,Female,France,29390,59.92,63.55
Daveen Gaymar,Male,France,26623,61.37,107.24
Gaylord Lapish,Female,France,35040,52.46,69.81
Findlay Tomney,Male,Spain,47212,62.95,93.23
Sven Zarfati,Female,Germany,31899,72.62,98.56
Julio Ianinotti,Female,France,51454,61.3,99.25
Emmaline Mars,Male,France,25332,66.12,41.18
Lebbie Pallister,Male,France,53404,54.5,52.56
Vernice Portman,Female,France,54435,51.13,77.42
Sisile Costerd,Female,Spain,48526,69.91,50.89
Hayyim Burnell,Male,Afghanistan,51678,55.46,81.92
Ellissa Ellice,Female,France,53201,65.31,77.99
Batholomew Chatenier,Female,France,37034,61.79,45.61
Del Reuss,Female,France,25930,55.08,84.59
Gerick Athridge,Male,France,36844,88.08,41.3
Albina Koba,Female,France,25465,85.2,97.52
Sianna Wombwell,Female,France,36814,66.6,49.59
Quillan Armes,Male,Spain,28139,64.57,106.14
Zahara Haughian,Male,France,39788,81.5,77.54
Wendy Tranfield,Female,Germany,39771,76.74,70.27
Philipa De Simoni,Male,France,26695,56.0,40.94
Simon Ford,Male,France,27369,89.11,58.6
Craggy Klimt,Male,Afghanistan,27317,83.92,55.56
Devon Sexstone,Male,France,54766,68.17,46.89
Archibaldo Eake,Female,France,25121,81.82,105.11
Flss Burnel,Male,France,47007,63.12,61.1
Elaina Carne,Female,Germany,38949,84.03,79.86
Winnifred Willmont,Male,Afghanistan,34759,86.75,66.66
Traver Lankham,Male,France,48964,75.35,43.31
Thia Shilburne,Male,France,35211,66.98,85.18
Perry Hosten,Male,France,55265,77.09,83.24
Friederike Durrans,Male,France,61834,81.68,63.14
Claiborne Hawley,Female,France,29918,69.25,53.1
Bonnee Adlam,Female,France,39591,59.98,68.15
Benoite Bortolutti,Male,France,47683,54.09,98.1
Salaidh Copnell,Male,Afghanistan,44057,55.86,93.35
Nataniel Pitkethly,Male,France,54436,55.18,67.56
Ashly Guillain,Female,Spain,39844,80.04,92.25
Auguste Drever,Male,France,30321,73.4,94.14
Scot Creamen,Female,France,43438,51.93,67.01
Evelina Lethcoe,Male,Spain,29783,73.41,49.05
North Webb-Bowen,Male,France,53710,71.43,87.82
Monique Winsome,Male,France,33753,84.85,103.65
Maxim Sorsby,Female,France,41994,71.06,85.58
Lucinda Trenouth,Male,Germany,30258,86.15,88.0
Kimberly Redgewell,Male,France,26898,73.93,42.05
Mal Tresvina,Female,France,50667,82.69,75.99
Amity Elphey,Male,Afghanistan,43469,63.71,56.76
Fidelity Cohan,Female,France,54568,75.03,77.68
Davida Kuhn,Male,France,38083,86.49,78.16
Barrett Turbat,Female,France,44325,70.49,85.3
Rockwell Boynton,Male,France,26908,60.06,66.61
Anjanette Childs,Male,France,34440,61.28,69.93
Othello Simka,Female,France,57847,79.23,93.21
Cate Degoy,Male,France,59643,69.56,79.36
Corenda Ansell,Male,France,29855,62.66,46.33
Cammy Gavrieli,Male,France,64328,59.13,89.63
Holt Campbell,Male,Germany,29799,80.67,70.18
Cyrill Madgewick,Male,Afghanistan,39761,59.8,71.61
Ashley Kennsley,Male,France,29838,74.9,68.82
Albina Jardin,Male,France,55467,78.46,45.98
Mauricio Keiling,Male,Spain,46583,65.25,99.52
Minnnie Swatradge,Male,France,33616,78.3,75.81
Sydel Bazeley,Male,France,64253,85.9,75.31
Vida Dadge,Male,France,37482,70.45,57.82
Robbie Demann,Male,France,61124,71.17,82.66
Tabina Limprecht,Female,Spain,52972,83.43,40.66
Wenonah Vasichev,Male,Afghanistan,49188,85.12,104.87
Dacia Dracksford,Male,France,52384,66.72,43.42
Rivkah Scandroot,Female,France,60297,68.12,57.14
Rosene Carass,Female,France,59960,58.1,74.85
Dorelle Jaffa,Female,France,56714,63.12,111.05
Kala Siebart,Male,France,40370,67.9,62.1
Lodovico Gaucher,Female,Spain,60639,84.01,91.91
Sallyanne Ronald,Male,France,27609,63.1,107.28
Adey Teodori,Female,France,55665,75.61,106.59
Leif Wellwood,Male,France,33504,51.07,109.91
Shayna Croce,Female,France,46666,50.07,77.61
Kellby Parmer,Male,France,54981,66.49,63.42
Carlota St Clair,Male,France,47004,89.65,73.92
Randee Fensome,Female,France,48924,56.24,88.69
June Rhelton,Male,France,45007,63.65,82.27
Christin Chidler,Female,France,50675,75.17,88.67
Juliane Feldharker,Female,France,27349,62.07,47.65
Venita Enrich,Male,Afghanistan,27356,60.6,82.5
Cherey Blick,Female,France,30458,72.98,72.55
Consuela Trevna,Female,France,25791,64.39,87.28
Melissa Constantine,Male,France,37067,77.35,95.43
Luce Ekless,Female,France,56016,85.3,99.97
Lawton Reinisch,Female,Afghanistan,55770,77.72,59.64
Delano Gosz,Female,France,59482,72.42,81.76
Puff Fairlam,Female,Afghanistan,47338,67.99,109.54
Avis Sertin,Male,France,62022,88.06,47.46
Ardeen Peever,Female,France,46185,61.52,42.11
Colline McIlwrath,Male,Afghanistan,51191,62.43,64.5
Fayina Lightollers,Male,France,63843,89.22,67.12
Wendeline Seavers,Female,France,33438,54.14,81.07
Alanson Elington,Male,France,64249,86.08,41.94
Gabe Palmer,Male,Spain,26809,65.39,87.89
Rodrique Cockram,Female,France,63280,78.4,50.93
Kelila Pinchin,Male,France,32108,58.82,86.76
Tucker Crux,Male,France,31506,59.74,104.81
Kristan Slane,Male,Afghanistan,55953,71.74,110.72
Rouvin Schreiner,Male,France,41936,53.88,78.3
Aristotle Normavill,Female,France,52670,50.74,46.89
Shepherd Tattersill,Male,France,34563,89.31,57.6
Eleonora Augur,Male,France,40839,80.14,81.15
Regan Hannigan,Female,France,60922,72.71,80.63
Fonzie Maus,Male,France,58009,56.37,90.77
Maryellen Mayne,Female,France,57184,85.69,84.96
Pen McIlwrick,Female,France,38926,89.74,65.53
Domini Whyffen,Female,France,47262,87.41,55.84
Arron Marunchak,Female,France,39899,63.08,53.98
Vikky Jagger,Male,France,46148,78.94,95.07
Yurik Zorzin,Female,Spain,30183,54.26,80.15
Griswold Navan,Male,France,29596,86.01,47.86
Sunshine Winspar,Female,France,39537,61.78,72.15
Levon Merrall,Female,France,37961,89.37,70.99
Garvey Whyke,Male,France,57543,83.97,69.78
Osbert Aggett,Male,Spain,58592,87.37,107.08
Fair Hampton,Female,Afghanistan,26770,89.77,96.49
Donnell Laydon,Male,Afghanistan,39109,84.35,84.45
Siana De Winton,Male,France,40850,50.11,100.5
Poul Cambling,Male,France,50549,79.6,57.82
Uta Card,Male,France,38484,74.32,94.42
Guglielma Corain,Male,France,28260,60.8,46.94
Cary Foxen,Female,France,57386,76.39,62.07
Brock Adamthwaite,Female,France,41336,63.1,72.32
Lodovico Cockshtt,Male,France,50597,77.44,64.26
Reg Ruskin,Male,Spain,53800,71.5,91.32
Ira Naris,Female,France,62365,59.7,61.45
Nicole Towne,Female,France,33169,89.66,45.16
Cob Bouda,Male,France,49127,79.22,110.85
Tildi Harmston,Male,France,36764,72.03,70.97
Kenny Ethridge,Female,France,36985,88.68,66.66
Dukey Kobisch,Female,Germany,60624,89.75,54.43
Donnell Menichelli,Female,France,54051,51.11,106.42
Keely Laborde,Male,France,46669,83.03,51.96
Dot Battersby,Female,France,60799,83.48,60.16
Penny Fulun,Male,France,31990,61.35,92.73
Neile Poyzer,Male,Germany,42381,50.43,100.46
Fenelia Giggie,Male,France,47611,76.24,110.18
Lindsey Bardnam,Male,Germany,50403,80.24,96.51
Boycey Guppie,Male,Afghanistan,35810,65.95,77.11
Urson Gronow,Female,France,50880,68.06,105.75
Iver Haine,Female,France,61905,80.58,66.49
Verne Jeacock,Female,France,43262,89.46,88.71
Frederica Joffe,Female,France,56920,63.03,75.85
Magda Staten,Female,France,33171,80.45,44.23
Banky Course,Female,France,44200,62.2,91.14
Herby Janauschek,Male,France,26802,52.89,95.86
Virginia Kaser,Female,France,34873,62.71,85.22
Ambrosi Baggs,Male,Germany,53087,80.95,41.15
Nathalie Peffer,Female,France,41699,85.79,43.07
Jimmie Curdell,Female,France,64109,69.38,110.34
Immanuel Rapper,Female,France,37271,78.98,94.48
Melamie Swett,Female,France,55056,51.7,94.44
Judd Truckell,Female,France,43305,63.41,55.38
Everett Sehorsch,Female,France,39975,85.97,106.43
Emylee Kinastan,Male,Afghanistan,45444,79.29,96.28
Trevor Trass,Male,Afghanistan,27560,86.65,88.03
Glendon Coatsworth,Male,France,29044,53.28,96.74
Tansy Ossipenko,Female,France,37864,87.52,62.65
Kristan Kamall,Female,Germany,45764,71.09,40.9
Duane Francescoccio,Female,Afghanistan,39159,59.62,87.28
Ewen Tait,Female,France,46917,59.42,69.04
Spence Trenholm,Male,France,45521,87.68,44.33
Sonya Pooly,Male,France,62369,70.09,45.88
Debbie Londer,Male,France,29909,61.36,95.04
Elwyn Wrates,Female,France,38707,67.7,56.86
Jacquie Rudderham,Male,France,47710,61.21,59.91
Blake Pavett,Male,Afghanistan,43180,85.07,110.31
Maddy Tuftin,Female,France,50440,50.57,110.96
Hildagard Wileman,Female,Spain,48586,67.5,53.55
Stephan Karpenko,Male,Germany,38250,62.82,53.49
Alexander Lesper,Female,France,31140,80.94,59.49
Gracia Gilogly,Male,France,26095,86.08,111.32
Vlad Culpan,Male,France,58097,58.44,89.5
Anabal Castelli,Male,France,45454,58.08,102.92
Gayle Augustin,Male,France,34958,73.75,79.04
Willis Moohan,Female,France,36921,73.09,66.65
Haskel Shelford,Female,France,29716,63.55,52.36
Hermie Calver,Male,Spain,30003,78.7,42.75
Malena McCormack,Female,France,42709,56.11,60.98
Merilee Border,Female,France,55356,72.1,108.54
Scarface Bangley,Female,France,44356,51.45,106.06
Teresita Maddock,Female,France,47190,66.82,68.79
Ahmed Dougher,Female,Afghanistan,27052,60.74,79.45
Mariejeanne Cremen,Female,France,33120,88.87,41.91
Caprice Ferneley,Female,France,27804,80.63,42.31
Berget Pealing,Female,Afghanistan,25965,76.71,52.5
Chiarra Stables,Male,France,47769,69.95,41.9
Dulce Drennan,Female,France,29732,54.16,82.96
Mick Venmore,Male,Germany,59284,55.7,67.27
Clare Jodrellec,Male,France,60072,88.77,77.57
Gordie Stennings,Male,France,49494,66.77,78.08
Riordan Potteridge,Male,France,38256,55.45,67.27
Bevin Torritti,Male,France,55190,50.71,100.22
