first_name,last_name,gender,age,salary,language,date
Smith,Davoren,Male,75,59781.17,Sotho,13/08/2012
Matilda,Anetts,Female,45,39757.76,Thai,23/07/2017
Marshal,Durling,Male,42,68975.02,Romanian,28/02/2012
Thornie,Cotherill,Female,59,37731.15,Belarusian,06/09/2017
Glen,Caley,Male,53,76218.31,Filipino,19/10/2012
Laird,Tollett,Male,56,73404.29,Indonesian,07/03/2020
Drucie,Carrick,Female,50,85664.2,Belarusian,26/08/2011
Seana,McNulty,Female,61,44250.2,Swati,07/09/2019
Charis,Anthes,Female,70,88736.46,Arabic,30/12/2019
Becca,Flight,Female,41,69627.22,Albanian,19/06/2014
Julee,Von Welden,Female,61,43179.82,Latvian,16/11/2020
Willi,Wakeley,Male,26,57361.46,Tajik,25/09/2017
Elsey,Grog,Female,37,64434.28,Somali,11/11/2015
Burlie,Follet,Male,67,50032.24,Aymara,13/07/2018
Michaela,Doutch,Male,20,63697.73,Marathi,16/05/2019
Cher,Foreman,Male,21,33750.13,Moldovan,03/08/2018
Edmon,Heatly,Male,36,27178.97,Japanese,01/01/2016
Joete,Lovel,Male,46,42513.68,Bengali,24/09/2012
Gabi,Secretan,Male,24,67447.79,Tetum,19/11/2014
Manfred,Balog,Male,58,29144.7,Portuguese,26/01/2019
Dalenna,Samudio,Male,55,85358.73,Malagasy,21/12/2010
Orion,Rottger,Male,23,67359.05,Māori,06/05/2018
Lethia,Josefovic,Male,57,67006.89,Gujarati,13/06/2017
Bryana,Poyzer,Male,54,27883.66,Mongolian,20/05/2015
Othella,Aldren,Male,54,80443.08,Dhivehi,17/09/2015
Philip,Argont,Female,60,88354.09,Latvian,01/12/2010
Cecile,Ismail,Female,45,52821.54,Fijian,02/05/2012
Olav,Glasheen,Female,62,47062.91,Kashmiri,12/12/2018
Carly,Restill,Male,22,29207.04,Spanish,08/02/2011
Shawn,Yurocjhin,Male,50,39401.78,Somali,28/07/2018
Elberta,Vasilyevski,Male,75,51709.5,Assamese,18/06/2018
Nester,Farries,Male,53,49028.26,Dutch,17/03/2014
Ole,Torel,Male,65,32646.73,Lao,07/10/2020
Dore,Dilley,Male,69,63911.44,Hungarian,14/01/2014
Sarah,Narup,Female,45,65486.06,Korean,31/05/2013
Nariko,Eveling,Female,43,56880.32,Haitian Creole,07/09/2020
Glendon,Isley,Female,35,38204.75,Dari,23/01/2011
Shaylyn,McArthur,Male,66,44444.88,Polish,09/11/2018
Delores,Bynert,Female,44,59406.82,Malay,18/08/2020
Konstanze,Tomley,Female,43,70226.21,Chinese,03/07/2013
Cicely,Edgeller,Male,28,66757.45,Papiamento,31/08/2019
Evvy,Johantges,Female,18,72261.62,New Zealand Sign Language,25/07/2017
Aundrea,Tennick,Female,39,32686.67,French,23/10/2012
Brandtr,Fairfoot,Male,56,77479.77,Marathi,21/10/2013
Guilbert,Hawkslee,Male,72,71327.8,Tswana,07/04/2015
Brodie,Helliar,Male,28,43912.7,German,03/06/2018
Konstantin,Pizer,Female,58,44202.25,Telugu,04/06/2012
Shandie,Jezard,Female,67,89740.99,Tamil,05/12/2016
Una,Hadley,Male,54,61678.64,Portuguese,18/12/2017
Ofella,Ferreres,Male,40,61401.54,Tok Pisin,08/11/2018
Paquito,Linsley,Male,49,72902.1,Maltese,21/04/2014
Timofei,Lait,Female,19,70953.63,Tamil,11/09/2018
Bob,Butterfint,Female,53,74011.94,Bengali,21/01/2012
Gordie,Kilmary,Male,59,53042.9,Luxembourgish,20/01/2016
Blinnie,Laurentin,Male,44,84877.73,Norwegian,05/08/2016
Danny,Noble,Female,71,83463.56,New Zealand Sign Language,16/04/2015
Jimmy,Ivashkov,Female,54,67512.07,Swati,16/02/2016
Norby,Goodie,Male,34,88442.87,Danish,28/02/2015
Carree,Tournay,Female,26,45986.05,Assamese,16/08/2019
Tressa,O'Halloran,Female,75,66107.7,Belarusian,11/08/2015
Odelle,Artus,Female,74,25629.52,Malagasy,30/11/2018
Abra,Fermer,Male,51,43100.35,Estonian,07/04/2012
Alla,Boyson,Female,58,75509.83,Mongolian,22/10/2016
Lauraine,Maier,Male,56,83698.24,Aymara,19/03/2017
Putnam,Bilbie,Female,61,73746.38,Papiamento,14/12/2013
Shea,Swales,Male,58,63045.86,Lao,13/03/2014
Gina,Webby,Female,54,35129.46,Catalan,03/12/2014
Keely,Deinhardt,Female,74,43722.97,Malagasy,19/01/2018
Kriste,Munson,Male,67,27260.1,Zulu,29/11/2013
Yehudi,Nelm,Female,34,28194.21,Kurdish,25/03/2015
Tallie,Tulloch,Male,46,47304.7,West Frisian,29/12/2014
Lee,Cranstoun,Male,53,30642.34,French,09/11/2017
Clevie,de Clerq,Male,54,38665.16,Hebrew,26/10/2019
Lane,Sidry,Male,60,65568.84,Punjabi,18/11/2014
Quintina,MacCracken,Female,71,33349.32,Thai,24/12/2019
Mervin,Eayrs,Female,72,59948.88,Macedonian,08/09/2014
Katti,Umbers,Male,38,82080.24,Marathi,01/06/2016
Meyer,Barry,Female,55,28633.06,Greek,27/04/2014
Meredith,Teacy,Male,36,80209.53,Montenegrin,22/06/2018
Giana,Schafer,Female,60,47939.85,Kazakh,01/09/2012
Mariquilla,Duker,Male,26,28702.36,Polish,10/09/2017
Lethia,Ricson,Male,57,41303.36,Malagasy,01/09/2019
Evelyn,Coggins,Female,21,74945.47,Malay,19/04/2020
Angeli,Snoday,Male,67,40057.63,Swati,10/03/2015
Crista,Sickling,Female,35,52897.3,Belarusian,16/08/2015
Gwyn,Cridland,Male,21,51639.1,Dzongkha,13/04/2012
Maximo,Tatchell,Male,47,61939.68,Bislama,09/10/2017
Lilli,Dutch,Male,19,54422.81,Malayalam,22/01/2011
Annadiane,Slane,Male,57,43019.42,Quechua,13/10/2012
Crin,Hartles,Male,58,42971.0,Northern Sotho,29/04/2019
Calvin,Adolphine,Male,24,46602.87,New Zealand Sign Language,25/04/2017
Nathanael,Holah,Male,57,69705.28,Nepali,07/07/2014
Rozanne,Mulcock,Male,23,41596.61,Irish Gaelic,27/10/2018
Lyell,Golden,Male,49,83261.12,Bosnian,19/09/2020
Jacquenette,Yerson,Male,62,54411.22,Danish,26/12/2013
Teodor,Whitten,Male,18,29980.81,Swedish,11/06/2015
Jayne,Perrinchief,Male,71,70667.97,Finnish,07/09/2020
Aylmar,Radbond,Male,72,28492.11,Burmese,15/12/2019
Aube,Hubbocks,Female,19,80584.15,Swahili,20/03/2020
Annelise,Filipovic,Male,20,57968.55,Danish,05/05/2014
Des,Bednall,Female,44,59084.92,Hebrew,26/12/2010
Ladonna,Dinis,Male,32,78664.78,Amharic,30/09/2019
Dyan,Killby,Female,65,37641.13,Italian,20/08/2016
Isaac,Boshere,Female,52,65011.63,Malay,06/08/2020
Colet,Langman,Female,72,38853.52,Portuguese,03/05/2017
Frankie,Mourant,Male,36,33419.91,Bosnian,13/08/2014
Guillaume,Fudge,Male,71,64559.4,Swahili,29/03/2011
Hilton,Leatherland,Male,23,60497.51,Japanese,13/08/2012
Happy,Nana,Male,24,77090.47,Italian,30/10/2015
Dyanne,Mamwell,Female,29,75176.78,Oriya,13/09/2017
Roscoe,Oultram,Female,72,67546.45,Tsonga,26/07/2015
Talbert,Quarmby,Female,61,27446.73,Montenegrin,12/09/2012
Ainslie,Dent,Male,51,65908.48,Belarusian,08/08/2018
Alisun,Selcraig,Female,18,66163.56,Pashto,29/06/2012
Nelie,McEneny,Female,50,73495.52,Mongolian,06/10/2012
Nickola,Coultass,Male,34,35344.9,Kazakh,26/08/2020
Darnall,Snar,Female,44,87060.01,Romanian,13/02/2018
Pattie,Huccaby,Female,31,66259.16,Icelandic,11/07/2019
Hans,McGeechan,Male,56,37780.42,Khmer,11/04/2016
Vinny,Whistan,Male,50,43780.1,Portuguese,26/10/2011
Ryon,Cottle,Female,26,62928.72,Māori,17/08/2017
Letty,Arnopp,Male,40,42547.16,Latvian,21/05/2016
Jessy,De Souza,Female,68,61360.05,Tamil,23/01/2011
Anabel,Ringham,Female,73,37331.99,Hebrew,27/11/2011
Amory,Bevar,Female,22,76077.22,Irish Gaelic,05/11/2017
Bowie,Frickey,Male,26,67717.83,Kurdish,29/08/2017
Dennie,Yellowlea,Male,31,37138.12,Maltese,07/07/2020
Brannon,Poate,Male,71,28071.0,Lao,15/06/2013
Errick,Piet,Male,50,64457.49,Swedish,01/01/2012
Renelle,Follan,Female,20,86901.99,Arabic,04/07/2017
Honoria,Spivie,Male,60,34933.31,Lithuanian,06/08/2011
Jeremie,Dakhov,Female,63,70958.53,Hiri Motu,21/03/2017
Grover,Florez,Female,48,86660.26,Georgian,05/07/2017
Blondelle,Grinter,Female,29,44229.79,Gagauz,30/07/2011
Flore,Byres,Female,53,28090.11,Georgian,10/04/2011
Ira,Bazell,Male,37,59830.44,Zulu,26/06/2017
Leslie,Whymark,Female,25,87142.19,Afrikaans,22/02/2011
Maribeth,Roman,Female,69,31074.92,Fijian,02/06/2019
Basil,Pepi,Male,72,67715.53,Mongolian,27/11/2013
Clyde,Van,Female,26,77125.9,Japanese,16/07/2016
Bryce,Pickavance,Male,50,42108.57,Hebrew,08/06/2016
Pierette,Audenis,Female,73,72340.81,Finnish,12/06/2020
Cate,Bertolaccini,Male,64,89354.22,Icelandic,20/06/2012
Kenneth,Dripps,Male,53,89839.95,Chinese,17/03/2013
Corry,Molson,Male,25,55005.7,Norwegian,04/05/2011
Emmet,Drew-Clifton,Male,57,69882.97,Telugu,01/12/2012
Allys,Wringe,Male,25,79794.54,Mongolian,11/02/2017
Joana,Mudd,Female,20,58701.38,Yiddish,08/09/2020
Georgie,Marrable,Female,52,52525.99,Swati,09/07/2015
Bunni,Spry,Male,60,51156.26,Somali,07/11/2014
Karlik,Andraud,Female,35,45368.18,Kannada,21/06/2014
Curtis,Spores,Female,60,41333.1,Finnish,29/09/2020
Blake,Radborn,Male,33,56857.12,Somali,18/01/2015
Thea,Spooner,Male,63,77401.71,Montenegrin,07/12/2018
Richart,Puig,Male,62,42437.11,Oriya,28/12/2012
Floyd,Mallia,Male,36,47389.83,Quechua,07/02/2019
Nanni,Truwert,Male,44,42446.4,Estonian,07/12/2016
Rubie,McBeath,Male,68,76726.38,Polish,23/02/2019
Reinhold,Tayler,Male,26,29539.78,Dari,28/11/2015
Ashlan,Patnelli,Male,40,72033.74,Bengali,02/07/2019
Lavinia,Griswaite,Male,72,40400.41,Oriya,13/01/2013
Keene,Le Pine,Female,43,88179.67,Tok Pisin,11/11/2015
Ricard,Destouche,Male,44,69895.96,Swati,02/11/2011
Pyotr,Overnell,Female,37,74034.6,Luxembourgish,28/05/2020
Wilfred,Menier,Female,56,36282.19,Hindi,20/07/2020
Tobey,Pharrow,Male,57,82631.12,Hebrew,01/01/2016
Muriel,Pirrone,Female,72,46424.09,Gujarati,31/07/2014
Reta,Glencross,Male,21,69344.83,Italian,11/08/2015
Florance,Todd,Female,25,47476.67,Gagauz,01/09/2012
Channa,Pottery,Female,57,81219.02,Punjabi,17/09/2018
Man,Shave,Female,49,38873.81,Filipino,20/11/2014
Willi,Molyneaux,Male,65,28764.86,Korean,23/09/2017
Gaspar,Riteley,Male,18,85038.66,Kannada,22/03/2019
Rooney,Ruter,Male,56,39989.07,Tok Pisin,08/11/2018
Norean,Shellum,Female,18,53212.83,Nepali,30/05/2012
Mauricio,Brookesbie,Male,37,69234.64,Tamil,15/09/2011
Fredi,Dummer,Female,48,82370.11,Belarusian,05/06/2011
Benson,Guttridge,Female,52,84395.06,Pashto,13/09/2016
Chariot,Seeds,Male,30,63884.31,Aymara,30/01/2019
Jackson,Terrill,Female,39,39635.88,Estonian,24/06/2013
Ingram,Harridge,Male,35,47830.3,Northern Sotho,23/10/2013
Rebbecca,Heavy,Female,63,52900.79,Italian,15/09/2020
Sonnnie,Peal,Male,36,80612.92,Arabic,17/10/2014
Odelinda,Hovel,Male,51,53231.41,Swahili,13/11/2014
Lucy,Harp,Female,47,35390.17,Afrikaans,03/12/2015
Elinore,Poad,Female,20,70643.19,Kyrgyz,14/01/2018
Goldia,Denziloe,Male,48,74392.73,Khmer,29/11/2016
Sansone,Keady,Male,42,41137.92,Thai,09/05/2013
Ermentrude,Crossingham,Male,38,76572.77,Macedonian,16/03/2017
Jolie,Marjoram,Female,26,54440.24,Assamese,10/06/2017
Saxe,Van den Broek,Male,27,55350.88,West Frisian,03/02/2011
Gabrila,Peaple,Female,49,76961.9,Sotho,09/03/2019
Wilbur,Pittendreigh,Male,60,86911.41,Polish,10/11/2014
Kizzie,Willimot,Female,75,82043.71,Montenegrin,03/01/2014
Jorey,Kingcott,Male,62,68341.31,Japanese,11/08/2020
Bil,O'Hickee,Male,68,53904.19,Spanish,30/06/2018
Zorine,Baldrey,Female,43,59027.63,Tsonga,24/05/2011
Almeta,Bronot,Male,24,38430.03,Haitian Creole,22/02/2019
Sileas,Wybern,Female,46,76042.01,Thai,30/03/2013
Sloane,Walton,Female,19,67174.79,Polish,18/02/2017
Missie,Weigh,Male,57,57510.89,Latvian,16/03/2013
Ricky,Favel,Male,18,30162.4,Tsonga,26/10/2014
Tam,Strattan,Male,63,74067.78,Indonesian,29/04/2019
Chaddy,Lambirth,Male,35,41913.65,Dari,10/09/2013
Arnoldo,Puttrell,Male,59,62550.71,Chinese,13/09/2013
Kaine,Wickson,Female,32,51902.44,Sotho,21/11/2012
Corny,Millery,Male,66,76190.71,Belarusian,22/04/2020
Nap,Darbey,Male,72,77257.55,Latvian,21/09/2012
Vivyanne,Dunge,Male,30,34796.95,Albanian,11/02/2017
Emlyn,Negro,Male,19,69303.6,New Zealand Sign Language,28/03/2019
Shelba,Quelch,Male,32,86429.93,Yiddish,20/03/2014
Melva,Enstone,Male,18,70092.05,Portuguese,03/05/2012
Anderson,Le Gall,Male,64,68078.05,Malay,23/06/2020
Loree,Wasiela,Male,42,30933.82,Amharic,27/02/2013
Blakeley,Fould,Female,39,83335.72,Quechua,03/11/2013
Imogen,Eads,Male,53,42326.52,Spanish,17/11/2016
Philis,Burnage,Male,56,30579.11,Kyrgyz,28/07/2018
Rosaleen,Conkay,Male,43,66325.2,Hiri Motu,02/03/2018
Eula,Garlicke,Female,55,84862.76,Guaraní,23/04/2015
Sandy,McTaggart,Male,64,72440.16,Polish,11/04/2012
Truda,Wort,Female,58,69661.63,Finnish,28/09/2017
Estel,Carlino,Female,44,65185.99,Lao,24/10/2017
Judas,Karim,Male,75,82253.6,Hiri Motu,16/06/2014
Wain,Dell,Male,69,30308.0,Gagauz,18/03/2012
Manolo,Perone,Male,59,51294.63,Afrikaans,06/08/2020
Mozes,Hayhow,Male,28,40238.73,Northern Sotho,02/04/2020
Addie,Robelow,Male,41,83403.89,Hebrew,11/09/2018
Charlotte,Borless,Female,62,79702.3,West Frisian,18/01/2019
Virgina,Coslett,Male,40,37210.7,Polish,10/09/2016
Norean,Boness,Female,39,77759.69,Dutch,31/08/2020
Leesa,Vallentin,Male,55,74673.07,Catalan,19/08/2014
Judon,Pammenter,Male,62,61402.42,Albanian,05/10/2018
Ezechiel,Clampin,Male,74,53765.54,Chinese,08/07/2014
Katrine,Wilkin,Male,60,56005.97,Haitian Creole,09/01/2016
Brit,Kingh,Male,37,36067.51,Filipino,30/05/2017
Owen,Waldren,Male,34,52925.47,Assamese,25/08/2018
Ardelis,Farnin,Male,27,56180.74,Azeri,07/12/2017
Rickey,Beese,Male,20,65548.13,Albanian,28/11/2010
Gabriel,Bending,Male,18,76362.84,Lao,12/08/2014
Windy,McCauley,Female,75,52113.49,Estonian,16/08/2020
Fifi,Van Eeden,Female,46,59550.25,Hebrew,25/08/2018
Ibbie,Hurran,Female,73,31886.09,Indonesian,27/02/2019
Bastian,Birkenhead,Female,63,44366.52,Punjabi,19/05/2015
Pru,Mackneis,Female,52,34965.23,Dutch,27/05/2016
Reamonn,Barnsdall,Female,52,42883.19,Bislama,15/05/2016
Gregorius,Dabnot,Male,35,47199.15,Papiamento,08/05/2013
Erl,Robard,Male,28,45448.71,Macedonian,14/11/2012
Carlynn,Mapston,Male,57,83795.01,Dutch,09/12/2015
Erna,MacArthur,Male,27,26354.31,Malay,25/07/2019
Allie,Palister,Male,18,89772.77,Gujarati,21/06/2018
Sheba,Loude,Female,36,84835.82,Oriya,04/07/2017
Dniren,Daniele,Female,46,88729.27,Dari,19/12/2013
Rebe,Ettridge,Male,45,32665.08,Amharic,23/02/2018
Artair,Grindley,Male,61,79844.86,Azeri,17/07/2016
Retha,Fidelus,Female,60,31409.62,Guaraní,15/07/2013
Standford,Morais,Female,66,41931.53,Italian,22/08/2015
Chloette,Servant,Female,38,30035.81,Mongolian,06/07/2020
Zacharias,Shatliffe,Male,58,52266.98,Malagasy,17/11/2012
Terrill,Lathleiff,Female,36,26928.53,Telugu,21/06/2017
Nicolette,Imeson,Female,22,67407.08,Hiri Motu,13/09/2018
Inez,Brunning,Female,69,37738.29,Arabic,12/05/2017
Christi,Castilla,Female,47,62001.73,Kazakh,22/06/2018
Jermain,L'Archer,Female,24,77137.46,Hebrew,12/06/2020
Janith,McWhinnie,Female,68,62607.87,Swahili,17/08/2015
Gertie,Laverty,Female,63,53465.7,Hungarian,07/06/2014
Merrick,Tomczykowski,Male,73,83200.0,Persian,06/06/2019
Marve,Haffner,Male,21,49643.39,Somali,05/01/2013
Sarena,Shakelade,Female,59,46014.32,Azeri,07/02/2012
Willamina,Reihill,Female,25,76038.13,Spanish,11/05/2012
Christiano,Neeve,Female,20,75934.79,Lithuanian,01/09/2019
Gabi,Jako,Male,71,55866.84,Afrikaans,20/10/2014
Chase,Thomasset,Male,67,64089.81,Chinese,24/05/2016
Priscilla,Gavin,Male,58,75333.62,Amharic,22/04/2011
Glennie,Leborgne,Female,67,73433.88,Zulu,19/01/2014
Chelsey,Trainor,Female,44,35873.6,Ndebele,12/05/2017
Kristian,Gladdin,Male,52,77542.94,Bengali,17/06/2012
Ricoriki,Kikke,Female,42,59539.01,Czech,27/10/2013
Harlen,Garford,Female,28,26326.16,Haitian Creole,16/01/2011
Patin,Jirusek,Female,22,59882.25,Croatian,16/12/2018
Kassandra,Smylie,Male,42,71405.9,Northern Sotho,31/10/2013
Farley,Raulston,Female,50,27011.02,Armenian,21/09/2013
Joeann,Killigrew,Female,68,56646.32,Luxembourgish,18/12/2011
Christal,Siveyer,Female,61,80445.48,Finnish,18/11/2015
Elysha,Maffione,Male,59,61538.55,Assamese,16/12/2012
Jacobo,Joicey,Male,44,46718.83,Czech,20/01/2014
Berne,Maus,Male,75,34282.41,Macedonian,22/07/2016
Onida,Aleksidze,Male,62,70114.22,Malay,22/11/2015
Harlie,Kohler,Female,48,37114.59,Norwegian,19/01/2017
Dulcy,Vokins,Female,52,70766.37,Estonian,15/03/2018
Phaidra,Venart,Male,73,43483.58,Bengali,20/11/2018
Raddy,Sepey,Male,62,73352.77,Guaraní,05/04/2019
Humfrey,Nineham,Female,27,66167.74,Somali,22/05/2015
Ethe,Janoschek,Male,34,76618.15,Sotho,12/01/2013
Heywood,Vannuchi,Female,40,51067.61,Moldovan,10/04/2014
Blair,Bole,Male,23,67602.8,Zulu,16/01/2017
Bo,Haddy,Female,38,57427.27,Hungarian,24/10/2020
Dorie,Oldroyd,Female,38,59525.21,Aymara,11/12/2018
Kevon,Domeney,Female,60,73032.71,Haitian Creole,20/01/2014
Codie,Luckin,Female,59,53182.82,Bosnian,14/09/2019
Annmarie,Sara,Female,38,74793.1,Tswana,29/04/2018
Cobbie,Iskowitz,Female,75,75825.09,Kashmiri,31/05/2015
Luca,Whawell,Male,22,28939.13,Hebrew,15/03/2012
Lemmie,Cote,Female,60,60879.46,Assamese,06/05/2015
Darlleen,Cuphus,Female,42,55637.92,Thai,27/11/2015
Leupold,Passingham,Female,18,80346.22,Albanian,09/01/2020
Georgette,Dank,Female,64,83869.04,Kyrgyz,28/04/2015
Gilda,Vedeneev,Female,22,89844.82,Latvian,25/06/2017
Corbet,Branca,Male,67,84439.8,Dhivehi,14/08/2018
Isadore,Benham,Female,31,37080.86,Hebrew,17/06/2018
Hiram,Eastabrook,Female,24,35091.78,Kyrgyz,29/07/2014
Maisey,Phifer,Female,56,85397.8,Malagasy,17/01/2014
Koralle,Bramsen,Male,40,77779.98,Tswana,21/04/2020
Libby,Gilchrest,Female,41,65344.76,Gujarati,09/06/2013
Dietrich,Nowell,Female,59,42588.19,Telugu,13/10/2015
Gerard,Behagg,Male,50,73621.78,Hungarian,18/11/2012
Baxter,Jemmison,Male,48,28983.42,Zulu,26/07/2014
Kalvin,Spurritt,Female,24,29859.06,West Frisian,02/10/2012
Nanni,Lonsdale,Male,68,40578.92,Māori,28/01/2020
Thornie,Gravey,Female,45,67477.86,Hiri Motu,10/09/2016
Hyacintha,Yushkin,Male,34,68187.41,Oriya,07/04/2019
Cchaddie,Quelch,Male,44,66633.97,English,11/06/2017
Mannie,Clawson,Female,49,71204.42,Fijian,16/10/2018
Vere,Boriston,Female,68,64893.12,Papiamento,02/09/2012
Edy,Rettie,Female,18,50983.56,Filipino,04/10/2013
Margette,Bate,Female,62,57916.04,Armenian,18/05/2018
Farand,Hasselby,Male,28,39833.81,Kannada,27/04/2011
Maddie,Trundle,Female,32,54740.0,Romanian,06/11/2019
Rubie,Edrich,Male,74,82108.84,Sotho,12/04/2020
Genna,Patry,Female,40,63233.71,Belarusian,11/12/2010
Gradey,Cozzi,Female,47,89485.09,Moldovan,06/09/2017
Marketa,Brinson,Female,48,55508.65,Hebrew,11/12/2019
Myrwyn,Shatliff,Female,28,77506.69,Azeri,22/09/2015
Celestyn,Teague,Female,71,69622.06,Dutch,04/10/2020
Marjie,Bartleman,Male,57,79942.46,Filipino,24/11/2015
Hedwiga,Cloney,Male,52,48824.54,Albanian,12/05/2015
Mark,Guichard,Male,52,36804.82,Tok Pisin,11/03/2017
Fabiano,Tullot,Female,69,72857.1,Belarusian,06/04/2017
Tallia,Danell,Male,62,70538.92,Gujarati,24/10/2015
Kelly,Heckle,Male,35,54814.47,Somali,21/08/2020
Valentine,Zapater,Male,21,54206.52,Tamil,03/09/2017
Vito,Guiducci,Female,44,38780.81,Estonian,22/03/2015
Gui,Nequest,Female,34,37395.22,Chinese,19/08/2012
Percy,McFee,Female,18,35025.61,Dzongkha,11/06/2018
Nil,Getten,Female,40,35710.3,Danish,20/04/2019
Sky,Shorten,Male,68,26278.43,Malay,10/07/2018
Dougy,Bradie,Female,55,89384.97,Malayalam,30/10/2018
Mary,Mountstephen,Male,42,31790.87,Montenegrin,10/03/2018
Alfredo,Whitely,Male,35,62639.12,Arabic,28/05/2011
Fredra,Rime,Male,33,52108.07,Gagauz,02/11/2013
Avrom,Blackie,Female,60,41171.58,Marathi,23/11/2016
Ugo,Northen,Female,45,50813.77,Zulu,10/06/2019
Moina,Hurdwell,Male,53,33713.82,Japanese,04/09/2017
Dorothea,Loyns,Male,20,82438.35,Zulu,15/08/2019
Geoff,Barritt,Female,51,68874.11,Danish,29/08/2016
Horst,Such,Female,65,81318.14,Danish,22/10/2013
Hastie,Wheal,Male,20,74533.19,Hindi,24/06/2016
Angie,Paolo,Male,36,66463.34,Amharic,12/04/2014
Brucie,Clibbery,Male,53,82253.61,Tswana,09/11/2016
Alford,Ranfield,Male,47,33548.74,French,03/02/2015
Cully,Oxx,Male,19,89305.53,Marathi,07/05/2011
Erich,Morris,Male,73,50248.32,Indonesian,28/09/2015
Riva,Lasham,Female,38,64935.48,Gujarati,15/09/2019
Maryjo,Plaschke,Female,53,43911.92,Assamese,23/06/2015
Lianna,Crathorne,Male,64,74408.0,Gujarati,09/07/2018
Sherwood,Drohun,Male,46,64148.85,Azeri,27/03/2020
Carlyn,Karran,Male,19,34621.81,Lithuanian,14/07/2017
Dorice,Goodright,Male,60,27944.5,Aymara,24/07/2020
Mary,Purcell,Female,26,88757.0,Irish Gaelic,04/06/2019
Paulina,Jaukovic,Male,56,64526.65,Indonesian,01/02/2016
Matty,Harness,Male,30,41631.02,Hiri Motu,25/10/2019
Liuka,Lowndsborough,Male,44,62218.6,Khmer,10/11/2020
Brody,Keenlayside,Female,24,41113.14,Chinese,12/11/2018
Manda,Rottcher,Female,51,65287.26,Kurdish,31/03/2018
Cilka,Bottrell,Male,41,48075.28,Malay,23/12/2017
Shelli,O'Connor,Male,56,88692.4,Hindi,12/02/2012
Kaile,Duxbury,Female,50,57069.34,Gagauz,24/03/2016
Alethea,Bruckental,Male,66,64066.26,Telugu,22/11/2016
Matthew,Kitchinham,Male,52,25011.66,Mongolian,23/06/2014
Algernon,Plummer,Male,26,40587.2,Malayalam,15/08/2019
Stavros,Pipping,Male,27,41168.32,Bengali,02/10/2014
Almire,Kellington,Male,39,40440.15,Georgian,18/05/2012
Therese,Magenny,Female,72,65115.38,Tajik,06/06/2020
Josiah,Askem,Female,19,50797.32,Aymara,10/05/2018
Reiko,Aikett,Female,50,26012.14,Malagasy,24/04/2017
Byran,Cullimore,Male,61,54476.75,Yiddish,17/03/2014
Selie,Brastead,Male,73,65275.85,Tok Pisin,25/05/2019
Kaia,Ingreda,Male,41,45543.42,Haitian Creole,31/05/2017
Jobi,Nickerson,Female,75,31082.29,Bulgarian,18/10/2011
Pate,Caplis,Male,62,55527.66,Greek,11/09/2017
Peta,Ginley,Female,26,89108.27,Hungarian,20/02/2015
Alyssa,Osorio,Female,40,39675.65,Northern Sotho,29/01/2015
Elli,Maysor,Female,22,31170.24,Punjabi,21/02/2017
Nolie,Keinrat,Male,55,27981.82,Bislama,04/12/2017
Cecilla,Coslett,Female,40,60380.54,Georgian,15/09/2014
Connie,Lumox,Male,19,72315.67,English,13/01/2015
Ralph,Brookzie,Female,48,31497.84,Quechua,29/03/2020
Kelli,Lightwing,Male,49,50772.43,Afrikaans,31/12/2013
Knox,Navarijo,Male,24,68769.41,Macedonian,05/10/2013
Holly,Birkmyre,Male,24,45033.15,Oriya,15/01/2020
Reamonn,Ambrogi,Female,43,57081.15,Gagauz,19/10/2016
Stace,Rasor,Female,41,52360.2,Arabic,22/10/2014
Deeyn,Dicker,Male,22,63156.23,Malagasy,12/09/2019
Kennie,Beric,Male,64,57309.6,Hungarian,04/07/2017
Nicolis,Field,Male,34,46038.9,Spanish,06/12/2017
Waring,O'Connor,Male,22,53093.5,Quechua,28/04/2018
Maison,Leadbeatter,Female,68,25163.01,Māori,16/10/2019
Ferdy,Arlt,Male,61,82058.06,Marathi,10/04/2018
Gretna,Holdforth,Male,45,65275.45,Quechua,31/08/2019
Elvin,Wolfinger,Female,37,64795.77,Oriya,21/08/2015
Eugenio,De Blasio,Female,61,25749.57,Filipino,02/08/2011
Caroline,Caberas,Female,63,49868.17,Polish,17/12/2010
Ingemar,Leah,Female,73,43775.07,Swedish,05/08/2013
Flo,Saph,Female,54,57523.25,Sotho,25/05/2018
Josee,Fonquernie,Female,27,85577.25,Marathi,31/10/2020
Sayre,Rein,Female,52,83632.29,Latvian,10/10/2011
Caresa,Myers,Female,37,43264.97,Indonesian,06/10/2016
Lanae,Bales,Male,58,41030.38,Pashto,17/01/2011
Mick,MacQuaker,Female,39,82181.98,Bosnian,29/07/2020
Deni,Flott,Male,67,60450.59,Zulu,22/03/2016
Curt,McSpirron,Female,23,27292.53,Croatian,15/08/2014
Felicle,Creboe,Male,26,78861.92,Ndebele,27/04/2018
Dun,Akhurst,Male,66,49720.39,Assamese,28/04/2014
Burl,Di Nisco,Male,46,79782.98,Montenegrin,07/08/2020
Donnie,Wardhough,Female,36,68810.14,Kurdish,11/08/2016
Phyllys,Eyers,Female,27,79155.07,Punjabi,08/06/2011
Tammie,Roswarne,Male,48,30565.07,Lithuanian,21/03/2018
Vicky,Gobbett,Male,63,70260.79,Bislama,10/04/2014
Giusto,Vivians,Female,53,43717.4,Gujarati,02/11/2012
Arly,Lamming,Male,29,63040.0,Danish,26/02/2017
Addison,Durn,Female,70,67684.39,Bulgarian,14/08/2019
Gib,Merry,Male,50,47922.47,Kurdish,12/12/2019
Pearla,Halwell,Male,50,72893.05,Dzongkha,08/12/2012
Heda,Hinstock,Male,46,45860.31,Lithuanian,13/01/2019
Hall,Greenall,Female,72,34142.64,Kashmiri,22/02/2017
Cam,Shipman,Male,55,44773.87,Swati,28/03/2011
Kitti,Vooght,Female,37,26442.87,Gujarati,30/04/2017
Darryl,Whitwham,Male,50,61453.79,Hebrew,13/01/2017
Haskell,Duxfield,Female,26,61471.54,Catalan,24/10/2019
Kristen,Eddowes,Female,37,73906.87,Afrikaans,11/12/2011
Marcille,Prodrick,Female,69,89396.31,Assamese,09/10/2011
Brannon,Cayley,Male,36,28330.0,Catalan,07/12/2018
Goldia,Stendall,Male,58,59352.74,Swahili,09/07/2011
Flinn,Sausman,Female,62,29562.07,English,19/05/2018
Carmela,Slee,Female,39,69751.41,Gagauz,03/10/2014
Krishna,Ascraft,Female,35,85502.55,Guaraní,19/06/2013
Ginger,McCafferky,Male,69,27632.62,Kurdish,25/07/2011
Pate,Jancso,Male,38,70468.32,New Zealand Sign Language,01/08/2015
Egbert,Beden,Male,59,74032.57,Yiddish,20/10/2019
Sofia,Salliss,Female,63,88772.98,Arabic,31/05/2020
Ronnica,Naughton,Male,20,58300.87,Macedonian,03/11/2011
Doy,Dunniom,Male,26,47500.76,Sotho,25/02/2016
Beckie,Downs,Female,73,48544.26,Assamese,15/08/2013
Henrie,Petti,Female,57,65572.13,Polish,02/12/2014
Gregorius,Cattach,Female,19,53383.38,Tsonga,18/10/2014
Chicky,Jaffra,Female,29,68822.19,Swedish,03/07/2014
Jourdain,Bazoge,Male,41,69754.23,Romanian,17/11/2019
Jessa,Dudgeon,Female,38,32637.38,Papiamento,20/07/2012
Catie,Thurnham,Male,28,41688.44,Georgian,20/02/2013
Jacquetta,Swainger,Male,61,47232.46,Malay,17/12/2018
Darlene,Bodega,Male,23,35472.34,Belarusian,03/12/2013
Newton,Yewen,Male,58,31909.64,Albanian,21/07/2015
Alli,Radborn,Male,58,68705.15,Georgian,25/10/2012
Belita,Wilsher,Female,71,55420.76,Finnish,17/05/2016
Lincoln,Eyckel,Male,46,88771.15,Italian,06/08/2019
Gerladina,Swatradge,Male,68,75550.98,Punjabi,14/03/2019
Muffin,Pester,Female,49,36348.64,Fijian,12/09/2015
Matty,Giacopini,Female,54,26763.83,Punjabi,24/12/2018
Cyndie,Buessen,Female,71,45983.42,Malayalam,10/07/2012
Shaylah,Clarae,Female,46,54764.72,Somali,14/05/2018
Cassie,O Mullen,Male,66,46892.39,Marathi,07/02/2012
Lurline,Winfred,Male,60,38301.83,Bislama,25/09/2020
Mead,Dyer,Female,26,89166.11,Thai,04/09/2011
Sheela,Reims,Female,75,65738.51,Tok Pisin,25/03/2014
Borden,Gulliford,Male,58,55503.98,Yiddish,21/05/2016
Gertie,Bellew,Male,63,70236.8,Marathi,30/08/2011
Cindee,Gerrelts,Male,70,63891.65,Northern Sotho,26/02/2015
Harriett,Snelling,Male,69,88216.33,Khmer,10/07/2012
Codi,Harburtson,Male,30,28911.69,Lao,27/12/2016
Zed,Bucksey,Female,34,40488.44,Assamese,23/09/2017
Erie,Siret,Female,50,26891.95,Fijian,08/04/2012
Briny,Edwicke,Female,33,36499.92,Assamese,03/05/2016
Malinde,Hughlin,Female,39,88730.53,Macedonian,11/04/2018
Ursula,Sans,Female,26,45144.35,Greek,13/01/2019
Nisse,Rack,Male,32,37315.17,Sotho,29/04/2014
Sonnnie,Bratley,Male,31,70996.0,Nepali,25/03/2020
Marketa,Yanuk,Male,26,49882.57,Portuguese,09/04/2011
Benetta,Clelle,Male,75,26982.86,Pashto,06/08/2016
Coop,Balleine,Male,70,84814.25,Kazakh,30/03/2016
Nicoli,Broadbere,Male,63,67886.94,German,15/02/2012
Chariot,Helder,Female,46,70418.25,Czech,09/03/2012
Ferguson,Copeland,Male,32,85736.18,English,23/11/2020
Fred,Monier,Female,42,30486.92,Catalan,30/05/2017
Monika,Norsister,Male,19,78855.35,Moldovan,30/12/2019
Franciskus,Coveny,Male,31,63096.09,Somali,08/02/2013
Aubrey,O'Carrol,Male,29,70948.07,Luxembourgish,08/02/2019
Donal,Agius,Female,71,77006.94,Assamese,12/08/2013
Shauna,Dunlap,Female,61,65767.38,Azeri,10/03/2015
Madalyn,Mulryan,Female,63,29983.5,English,03/07/2014
Alastair,Cotherill,Male,25,72391.53,French,04/03/2011
Ynes,Karlolczak,Female,23,42807.97,Quechua,18/12/2010
Lind,McPhail,Female,74,79448.0,Moldovan,25/03/2012
Brodie,Scardifeild,Male,59,48702.42,Swahili,24/02/2018
Raviv,McArd,Male,32,76652.3,Pashto,28/10/2012
Chalmers,Ratke,Male,55,54379.57,Amharic,18/03/2020
Harmony,Gurys,Male,49,78461.93,Chinese,12/06/2020
Ramon,Stoller,Male,67,62658.66,Lithuanian,28/08/2020
Locke,Babin,Female,70,42363.19,Swahili,18/05/2019
Ingemar,Jzhakov,Female,70,84616.57,Lithuanian,08/06/2012
Stella,Purrier,Male,42,85345.36,Hindi,05/07/2020
Andree,Jorg,Female,58,33548.31,Arabic,12/02/2014
Trey,Eyer,Male,43,78218.82,Polish,21/02/2019
Ursulina,Giffaut,Male,45,80497.98,West Frisian,11/01/2012
Vallie,Cleall,Female,49,65814.8,English,18/08/2020
Karly,Emeney,Male,34,43978.29,Gujarati,08/10/2019
Heath,Carek,Female,59,26018.37,Quechua,20/05/2014
Melisse,Sanchiz,Male,56,31951.38,Tajik,01/11/2012
Chariot,Shipsey,Male,65,44667.4,Gujarati,03/05/2017
Tomasine,Elfleet,Male,69,68795.85,Dutch,31/05/2015
Howey,Kirsz,Male,64,30551.3,Māori,31/12/2019
Eolande,Skoyles,Male,71,25942.04,Thai,08/11/2014
Malia,Rowles,Male,59,38070.97,Bislama,01/06/2013
Arty,Pasque,Female,45,34324.69,Polish,06/01/2013
Sadella,Burkert,Female,47,57923.78,Tok Pisin,07/03/2020
Marrissa,Tricker,Female,63,59796.41,Filipino,29/06/2013
Demetria,Ardron,Male,36,54347.4,Quechua,26/01/2011
Melisande,Milkeham,Male,45,27792.37,German,07/01/2012
Kippar,Dirkin,Female,49,44221.26,Croatian,15/08/2012
Marve,Wellington,Female,67,44803.86,Romanian,03/07/2014
Winnie,Shilling,Male,68,26947.53,Montenegrin,23/09/2011
Chicky,Brazur,Male,42,50521.82,New Zealand Sign Language,25/04/2020
Carmelia,Waltering,Male,31,76365.57,Telugu,06/04/2016
Winna,Armstead,Female,28,69717.94,Aymara,27/10/2013
Glennis,Boddy,Female,60,77109.12,New Zealand Sign Language,08/09/2011
Siobhan,Burston,Female,41,63514.08,Hindi,18/11/2012
Prentiss,Godbert,Male,60,29303.51,Bosnian,25/06/2013
Dian,Bastick,Male,51,66731.56,Papiamento,12/01/2014
Jae,Longden,Female,73,64783.29,Montenegrin,07/10/2019
Katleen,Lodge,Female,66,37505.09,Malay,20/08/2016
Gwynne,Sanson,Male,42,89249.44,Armenian,16/04/2015
Eolande,Pratt,Female,49,58154.95,Lao,15/06/2011
Zed,Kiss,Male,52,35766.16,Danish,02/04/2014
Henrie,Coggill,Female,66,37671.18,Arabic,11/05/2017
Beaufort,Charker,Female,18,82215.12,Tetum,14/05/2015
Hadleigh,Epperson,Male,65,48464.81,Portuguese,02/05/2014
Neala,Deporte,Female,38,61214.32,Telugu,02/05/2014
Torrin,Van den Dael,Female,22,84931.39,Dari,06/11/2011
Saba,Normaville,Male,65,43404.29,Kazakh,27/07/2016
Tamiko,Norrington,Male,18,43004.98,Icelandic,11/08/2020
Marlin,Callaby,Male,31,74700.82,Polish,31/05/2020
Jo-ann,Piwell,Male,72,82230.35,Hungarian,08/11/2015
Quintin,Whinray,Male,31,69187.0,Kurdish,18/07/2014
Dall,Rignold,Female,41,75118.56,Malagasy,11/12/2015
Murdoch,Edmonstone,Male,41,33649.22,Afrikaans,01/09/2019
Lanie,Comer,Male,22,32129.41,Tamil,30/05/2014
Carmelina,Rosenbush,Male,68,36346.9,Montenegrin,01/12/2012
Aleta,Ranson,Male,50,62162.46,Georgian,17/08/2016
Mariam,Wimpenny,Female,42,28009.26,Swedish,30/10/2015
Cathrine,Fernez,Male,61,75433.85,Tajik,14/05/2018
Godfrey,Lemonnier,Female,39,60561.35,Czech,28/07/2012
Ly,Claybourne,Female,42,82506.96,Tetum,11/05/2013
Tammie,Cowperthwaite,Female,48,53303.11,Kazakh,28/05/2015
Aldus,Pirot,Female,37,36472.03,Fijian,10/03/2018
Artie,Smeath,Female,67,69627.95,Papiamento,26/12/2017
Gordon,Ambler,Male,54,72971.67,Zulu,07/07/2019
Lianne,Leverson,Female,59,71703.75,Malagasy,29/07/2012
Gerry,Stummeyer,Male,34,30588.64,Armenian,28/03/2013
Hallsy,Norkutt,Male,67,84929.37,Maltese,06/09/2020
Aileen,Dewick,Female,39,88480.73,Pashto,18/11/2020
Viviana,Ordelt,Male,69,69100.11,Kashmiri,19/09/2013
Web,Troubridge,Female,71,28691.07,Dari,25/06/2018
Hyatt,Beazleigh,Female,74,61432.85,Punjabi,16/12/2012
Tessa,Winley,Female,20,84101.23,Tsonga,04/06/2011
Krystal,Kennicott,Female,65,36560.81,Malayalam,27/09/2019
Ketty,Matuszinski,Male,25,32275.16,Persian,26/06/2016
Bartel,Blankman,Female,27,61443.86,Tsonga,09/07/2020
Rochelle,McIlhone,Male,49,47410.1,Czech,29/04/2015
Devina,Scohier,Female,33,87611.52,Kazakh,02/12/2017
Kennan,Lahrs,Male,40,31870.18,Spanish,25/08/2012
Sigfried,Merlin,Female,71,68284.15,Bislama,03/02/2020
Robbi,Ruspine,Female,32,52198.35,Kannada,27/05/2017
Annice,Dike,Female,19,48304.97,Hindi,04/05/2018
Binny,Petchell,Female,39,82663.08,Tsonga,17/09/2020
Portie,Ockenden,Male,33,63217.57,Oriya,12/04/2013
Ade,Jerrard,Male,59,53249.88,Gagauz,11/11/2020
Waylin,Munton,Female,52,50203.2,Croatian,28/06/2012
Shaylyn,Oxx,Female,18,80780.98,Pashto,07/01/2011
Abbye,Stare,Male,36,72840.63,Guaraní,10/09/2018
Zsa zsa,Mollindinia,Male,37,53459.68,Bislama,05/02/2014
Barny,Ties,Female,61,52127.7,Burmese,18/01/2014
Arlina,Wedderburn,Female,26,65418.46,Yiddish,17/04/2017
Patrizio,Spearett,Male,31,50058.15,West Frisian,26/06/2016
Colby,Djorevic,Male,69,84086.32,Belarusian,20/08/2011
Rona,Trevna,Female,33,86819.58,Thai,03/01/2012
Maitilde,Longson,Male,20,78911.77,Zulu,05/02/2020
Audrey,Ciccarelli,Female,64,72690.91,Papiamento,14/07/2015
Euphemia,Ogilby,Male,53,74836.72,Greek,07/09/2016
Clarette,Marnes,Male,69,85050.66,Greek,24/08/2017
Gino,Sime,Female,43,47482.2,Malay,27/10/2020
Joachim,Paulino,Male,57,86958.3,Oriya,15/03/2014
Celestyn,Baudy,Male,59,42290.45,Greek,14/09/2020
Kerry,Parres,Female,30,54862.61,Icelandic,14/04/2019
Steve,Collyns,Male,53,87983.54,Hungarian,30/07/2011
Florina,Noden,Male,35,65235.93,Spanish,23/11/2020
Maribeth,Mineghelli,Male,55,66322.45,Moldovan,14/08/2016
Demetri,Bewshaw,Male,47,77515.95,Bosnian,06/07/2014
Wendie,McKellar,Female,21,70174.87,Malayalam,21/03/2012
Teena,Ivashinnikov,Female,36,81649.34,Georgian,05/03/2011
Abigale,Durdle,Male,70,72330.15,West Frisian,28/04/2013
Sophey,Kalderon,Male,52,78076.6,Lithuanian,22/05/2018
Norrie,Roose,Male,65,42096.29,Irish Gaelic,11/02/2015
Glennie,Gosby,Male,22,38483.89,Tajik,22/11/2018
Kippy,Crann,Female,59,50258.28,Kashmiri,06/01/2017
Zena,Datte,Male,19,87337.57,Dzongkha,22/03/2012
Etienne,Favelle,Female,28,41155.72,Latvian,14/11/2011
Vincent,Badsey,Male,60,62124.95,Somali,10/12/2015
Ethan,Prozescky,Female,71,52727.19,Azeri,22/05/2015
Grayce,Izkovici,Male,75,62731.18,Hiri Motu,09/01/2012
Alessandra,Bodd,Female,61,53969.17,Chinese,14/07/2011
Templeton,Davio,Male,37,31234.25,Ndebele,17/09/2015
Vince,Bullers,Female,25,75538.57,Spanish,25/03/2012
Ivonne,Harly,Female,75,85561.89,Croatian,06/05/2014
Sutton,Di Francesco,Female,28,58011.14,Haitian Creole,11/04/2013
Delainey,Fronek,Female,45,71164.83,Hindi,24/05/2020
Andy,Feeney,Female,21,70287.82,Czech,07/03/2019
Isa,Reddin,Male,70,79999.29,Dari,17/06/2016
Justinian,Chanter,Female,68,33820.43,Greek,03/06/2018
Philis,Rohfsen,Female,62,59430.6,Gagauz,16/08/2013
Farica,Vivian,Female,45,37658.59,Danish,05/02/2018
Sacha,Beek,Male,63,50496.33,Aymara,06/04/2020
Cordy,Bagniuk,Female,54,47961.37,Marathi,09/12/2018
Tracie,Vinau,Male,28,59021.42,English,20/07/2012
Marj,Fontel,Female,46,85498.26,Tetum,04/10/2018
Cello,Dinneen,Female,65,41655.91,Catalan,05/06/2019
Nicola,Mc-Kerley,Female,49,28426.91,Georgian,12/09/2020
Marlowe,McCorkindale,Female,41,88113.38,Dzongkha,31/03/2016
Krisha,Columbell,Female,72,77316.67,Croatian,15/06/2016
Tate,Cullivan,Female,22,26861.36,Sotho,04/04/2014
Adriena,Reah,Female,58,30211.26,Bosnian,28/07/2013
Zandra,Cultcheth,Male,47,51393.71,Tok Pisin,05/05/2019
Madella,Walding,Male,42,37692.4,Tsonga,25/11/2013
Ashby,MacAdam,Male,47,43338.07,Thai,20/07/2013
Eadmund,Kinnen,Female,39,52440.0,Dhivehi,31/01/2012
Grazia,Frew,Male,30,47219.53,Lao,06/09/2014
Philippa,MacAscaidh,Male,23,32652.16,Swedish,20/04/2014
Josy,Chaize,Female,35,34280.7,Persian,31/10/2015
Judah,Chadwell,Male,29,44948.04,Mongolian,17/05/2020
Skyler,Torbett,Male,43,31794.91,Armenian,10/09/2018
Jeremiah,Brigshaw,Male,48,60094.91,Swahili,26/10/2018
Mortimer,Sawney,Male,39,74345.83,Gujarati,27/05/2020
Rae,Rousel,Male,74,25920.87,Tok Pisin,15/02/2012
Taddeo,Moat,Male,31,88659.03,Lithuanian,11/01/2016
Janeen,Heinsen,Female,25,75953.47,Zulu,11/10/2013
Dollie,Cregan,Female,40,54915.55,Greek,09/12/2014
Audrye,Fulham,Female,40,59496.32,Arabic,24/02/2011
Sarine,Dennick,Male,62,50406.71,Greek,03/11/2016
Aggy,Spens,Male,52,31248.9,Tamil,25/06/2020
Franciskus,Dearan,Male,60,35304.27,Croatian,20/07/2011
Sergent,Duckit,Female,64,32368.64,Aymara,12/03/2019
Giavani,de Grey,Female,51,78835.89,Czech,11/08/2011
Jaymie,Sayre,Female,52,63276.05,Georgian,27/08/2019
Cal,Winney,Female,57,47896.8,Ndebele,23/01/2011
Aldis,Phebey,Male,62,37453.53,Guaraní,21/01/2014
Bee,Tregaskis,Male,66,61724.1,Azeri,26/11/2014
Elvin,Woodyeare,Female,22,46878.04,Italian,26/05/2017
Edward,Langlais,Female,30,62778.92,Tsonga,02/11/2014
Annelise,Kubicki,Female,50,72450.76,Lao,30/10/2011
Graehme,Epinoy,Female,37,68879.57,Persian,18/08/2014
Cathrine,Colmore,Male,36,82999.33,Montenegrin,07/06/2013
Bidget,Botwright,Male,18,34348.12,Malagasy,14/02/2016
Mose,Seamer,Male,52,36643.72,Somali,09/04/2015
Abbey,Senechault,Male,34,56961.72,Bulgarian,10/05/2015
Falito,Redfearn,Male,49,39177.1,Dari,12/05/2017
Hanna,Laboune,Female,73,57582.56,French,16/02/2019
Kasper,Meachem,Male,73,25453.46,Mongolian,19/10/2013
Jacky,Tropman,Male,40,56579.33,Azeri,26/05/2013
Omero,Turton,Male,21,62148.38,German,12/02/2013
Verena,Meneer,Female,21,32111.72,Greek,04/08/2012
Karel,Arboine,Female,41,33244.27,Telugu,15/01/2013
Jackie,Baldinotti,Female,31,84096.07,Hiri Motu,19/06/2012
Rosita,Ickowics,Female,67,30234.06,Dari,17/05/2019
Heather,O'Shevlan,Female,18,47167.61,Catalan,01/09/2014
Angelika,Maunders,Female,25,74261.39,Kurdish,11/12/2019
Francois,Giacubbo,Male,72,60710.42,Telugu,20/01/2018
Quinton,Benfell,Male,56,39420.36,English,13/02/2017
Demetris,MacShane,Male,49,82879.36,Dari,06/01/2019
Kizzee,Nesbeth,Male,72,25835.57,Amharic,05/07/2016
Gunter,Tomicki,Male,47,85502.18,Kannada,17/09/2011
Vladamir,Habbeshaw,Female,35,81657.68,Burmese,02/09/2017
Caldwell,Garret,Male,22,45637.49,Aymara,06/03/2019
Blanch,Skein,Female,40,78067.87,Filipino,07/12/2019
Greer,Bonnor,Male,43,57168.69,Haitian Creole,10/01/2015
Porter,McRuvie,Male,38,61711.24,Haitian Creole,18/01/2015
Cly,Clibbery,Female,53,77996.7,Khmer,28/01/2015
Laney,Platt,Female,27,62218.54,Belarusian,18/04/2015
Jsandye,Odlin,Female,73,43264.32,Swedish,01/09/2019
Izaak,Binnion,Male,75,44625.75,Tok Pisin,20/10/2016
Jessica,Cadman,Female,69,29517.8,Armenian,29/02/2016
Jehu,Jenks,Female,63,55498.88,Persian,17/09/2017
Bruno,Probbing,Male,37,75941.4,English,07/12/2017
Eduard,Amyes,Female,67,63069.71,Latvian,30/12/2014
Jenny,Brewitt,Female,24,49368.44,Croatian,09/11/2015
Lorin,Ahren,Male,26,76464.43,Georgian,21/10/2018
Allene,MacCurley,Female,26,83124.72,West Frisian,25/05/2016
Klarrisa,Trassler,Male,48,82072.72,Bosnian,22/02/2013
Errick,Fletcher,Male,63,69212.78,Chinese,04/01/2011
Zachary,Glazer,Male,43,63528.29,Azeri,01/04/2011
Keenan,Bartolomieu,Male,25,64298.08,Oriya,22/11/2012
Cleopatra,Killeen,Male,74,67733.08,Icelandic,19/05/2011
Any,Cockman,Male,48,59018.04,Tsonga,20/04/2015
Emmalyn,Boys,Male,32,89625.2,Assamese,23/07/2014
Kristian,Brech,Female,70,56106.33,Hungarian,17/01/2018
Deborah,Doy,Female,38,36548.68,Czech,04/04/2019
Shandy,Greatbatch,Female,26,80844.32,Malagasy,26/12/2012
Juanita,Joe,Female,51,88278.79,Italian,20/04/2011
Barrett,Trustie,Male,49,79444.6,Assamese,29/07/2012
Camila,Joutapavicius,Male,45,47540.93,German,19/04/2016
Hewe,Christiensen,Female,37,33348.57,Norwegian,15/05/2019
Drona,Lowdwell,Female,26,30482.55,Khmer,23/09/2012
Felike,Blackford,Male,44,39862.47,Latvian,08/06/2015
Shane,Domm,Male,22,44138.0,Nepali,13/11/2018
Tybi,Barnsdall,Male,69,44158.19,Malay,04/10/2013
Demetris,Ogus,Female,22,75843.09,Pashto,02/05/2019
Moreen,Ornelas,Male,39,83134.37,Catalan,22/07/2020
Calla,Gorke,Female,43,57069.06,Quechua,05/06/2017
Ed,MacHostie,Male,30,40828.91,Nepali,04/03/2019
Gail,Gooddie,Female,72,61115.04,Tamil,16/01/2019
Elisha,Hatry,Female,20,59616.46,Malay,23/11/2011
Malory,Spragge,Male,57,32586.71,Swahili,04/01/2014
Joyous,Gimblet,Female,32,51571.06,Māori,11/11/2016
Vonni,Yancey,Female,42,68901.47,Haitian Creole,08/05/2018
Hilly,Nowak,Female,46,83222.02,Northern Sotho,08/03/2011
Bradford,O'Cassidy,Male,44,76526.74,Italian,28/01/2015
Lenard,Ashpital,Female,33,81597.87,Italian,16/06/2012
Murdock,Bunworth,Male,21,38586.16,Bengali,23/08/2014
Rici,Westmore,Female,34,76304.14,Hiri Motu,22/10/2011
Nana,Dodge,Male,37,65694.58,Telugu,11/12/2010
Bonnibelle,Aisthorpe,Male,59,56676.1,Armenian,13/07/2017
Devan,Kirsch,Male,24,33328.77,Icelandic,22/08/2013
Augie,Dishmon,Male,73,46592.98,Haitian Creole,01/05/2013
Gary,Offell,Female,43,47824.36,Gagauz,13/03/2012
Teressa,Flemmich,Female,71,57110.95,Catalan,02/04/2017
Kennie,Petrosian,Female,41,71055.9,Estonian,23/10/2015
Tanney,Fosdyke,Female,44,68081.3,Czech,03/03/2012
Murry,Blowne,Male,49,73177.86,Swati,01/11/2011
Quintilla,Reside,Female,74,73918.55,Mongolian,24/06/2016
Garrik,Forrestill,Female,51,47741.53,Swati,29/01/2016
Eleonora,Lukasik,Male,68,69298.25,Papiamento,20/04/2017
Janel,Brundale,Female,38,33313.5,Bengali,11/01/2015
Raymund,Silvermann,Male,29,42774.69,New Zealand Sign Language,25/04/2015
Ilka,Derges,Female,22,44233.15,Assamese,14/08/2019
Ardella,Lush,Female,73,77982.22,Luxembourgish,16/02/2011
Dorette,Kleinstub,Female,59,71709.97,Japanese,12/06/2013
Bride,Rebanks,Female,51,77219.78,Amharic,12/02/2019
Dmitri,Allabush,Male,29,70750.88,Swedish,16/04/2013
Deloris,Iorillo,Female,25,55649.66,Marathi,20/01/2013
Lindi,Woolaghan,Female,72,83300.72,Bosnian,04/02/2019
Liam,Nerheny,Male,43,60246.44,Portuguese,20/08/2012
Louie,Blanchette,Male,54,87672.69,Malayalam,10/12/2018
Quintana,Grier,Female,25,53815.26,Spanish,02/11/2018
Pamela,Beswell,Female,68,35647.6,Telugu,19/07/2012
Stevie,Saberton,Female,36,39863.51,Malayalam,27/07/2018
Bonita,Slorance,Female,73,53037.17,Swedish,11/12/2011
Cosmo,Kilshaw,Female,66,33843.39,Arabic,21/06/2013
Ame,Buckleigh,Male,26,76878.89,Luxembourgish,16/04/2014
Rivalee,Powys,Female,24,49675.97,Polish,19/06/2016
Lane,Filipchikov,Female,53,57596.57,Bosnian,31/03/2020
Dore,Filewood,Male,75,56395.25,Portuguese,10/02/2019
Hilary,Ivshin,Female,52,70687.97,Japanese,23/04/2011
Jodie,Bourges,Male,22,44036.64,Croatian,13/05/2013
Sabina,Betun,Male,36,35101.85,Hebrew,25/08/2018
Cinnamon,Rekes,Male,62,59341.42,Moldovan,24/03/2011
Rory,Englishby,Female,63,60624.29,Romanian,21/04/2013
Kelci,Thake,Female,49,57212.37,Gagauz,13/06/2014
Joice,Eskell,Male,42,48091.05,Northern Sotho,20/10/2014
Gerardo,Warlawe,Female,61,57195.06,Bulgarian,28/02/2015
Nadine,Pullar,Male,69,33974.81,Latvian,01/02/2012
Elaina,Robel,Female,32,56987.81,Northern Sotho,31/03/2011
Marius,Blodgetts,Female,37,71805.54,Māori,24/03/2017
Ryan,Gocke,Male,61,79781.42,Telugu,20/02/2019
Bernarr,Mewha,Female,62,84579.13,Somali,22/07/2019
Beau,Proudler,Female,46,32118.51,Mongolian,24/11/2011
Aube,Bayman,Male,34,82877.39,Tswana,07/03/2019
Templeton,Hunnam,Male,44,70686.2,Georgian,16/01/2018
Petr,Joe,Female,29,32595.18,Hungarian,09/01/2018
Keri,Parman,Female,20,45769.9,Filipino,07/03/2014
Man,Blunsden,Female,46,65542.89,Croatian,22/11/2020
Cross,Marl,Male,75,77451.84,Swati,11/03/2014
Andy,Wigfield,Male,75,70190.62,Luxembourgish,17/09/2012
Peter,Piddocke,Female,61,68936.69,Tswana,30/07/2012
Imelda,Cowdery,Female,46,61203.59,Macedonian,19/01/2018
Harmonia,Keene,Male,56,62211.4,Italian,05/03/2011
Leanor,Badam,Male,26,89955.1,Bislama,11/03/2020
Homerus,Vennings,Male,62,27878.2,Kazakh,06/10/2018
Kingsly,Kenton,Female,75,72264.1,Tamil,20/02/2016
Kimberlyn,Linggood,Male,32,25821.42,Armenian,13/05/2018
Dulcine,Duffin,Female,54,71104.92,West Frisian,08/01/2015
Joann,Denzilow,Male,30,55631.91,Spanish,04/02/2014
Adara,Nelsey,Female,41,60639.11,Malayalam,06/12/2013
Yetta,Bednell,Male,22,54362.08,Sotho,24/03/2016
Greg,Bossel,Female,66,29970.87,Papiamento,28/04/2018
Tina,Jindrak,Male,62,51668.89,Kurdish,11/02/2019
Merilee,Sorensen,Female,58,53162.06,Tamil,19/04/2013
Charity,Mettricke,Female,72,32628.1,Hindi,26/07/2013
Lilias,Christofides,Female,66,37246.27,Lithuanian,04/04/2011
Vite,Buchett,Male,46,41353.78,Korean,29/06/2012
Federico,Revell,Male,59,44143.99,Kazakh,16/07/2012
Dorisa,Lehrer,Male,50,43554.44,Quechua,17/07/2016
Pegeen,Petters,Female,19,52401.22,Hindi,06/10/2016
Glen,Tapsell,Male,59,82764.32,Belarusian,31/05/2015
Fancie,Timoney,Female,31,29707.14,Dzongkha,21/12/2018
Charlton,Millwater,Female,50,74751.68,Albanian,10/04/2017
Tilda,Checci,Male,70,69867.97,Telugu,21/07/2013
Cahra,Beeching,Female,46,28135.39,Catalan,04/08/2014
Nicolette,Yandell,Male,52,43515.97,French,25/02/2020
Melodee,Woodington,Male,71,73724.42,Nepali,19/07/2015
Brigg,Lee,Female,32,54821.58,Fijian,03/09/2015
Padgett,McPhelimy,Male,67,30338.12,West Frisian,17/05/2014
Clarice,Gapper,Male,41,25716.15,Italian,17/01/2013
Alvinia,McQuilliam,Female,27,76098.48,Greek,15/03/2015
Claiborn,Dietzler,Female,53,62055.95,Gagauz,14/11/2016
Stan,Horbath,Male,53,89352.4,Dari,27/05/2016
Gregg,Rutland,Male,20,39345.61,New Zealand Sign Language,09/06/2012
Arnaldo,Siemantel,Female,68,75688.38,Bulgarian,20/03/2018
Elysha,Powlesland,Male,53,52755.25,Khmer,22/04/2019
Johanna,Heliot,Female,25,89881.49,Spanish,27/02/2017
Hilly,Graber,Female,57,66289.55,Assamese,09/08/2013
Cesaro,Frangello,Female,27,63284.89,Lithuanian,04/09/2012
Katina,Aiskrigg,Female,64,73273.64,Moldovan,09/11/2014
Ilaire,Drains,Male,56,80786.72,Pashto,13/03/2017
Brice,Tewkesberry,Female,35,31060.33,Georgian,18/04/2013
Boyce,Mariel,Female,38,47315.01,Belarusian,29/11/2018
Edita,Da Costa,Male,32,45097.2,Quechua,16/07/2011
Frederik,Brazur,Male,27,32018.7,Amharic,26/02/2018
Eydie,Ashe,Male,45,64850.71,Bengali,25/12/2018
Kenon,Vale,Male,60,82005.06,Finnish,27/10/2013
Avram,Lockless,Female,73,76430.33,Spanish,22/05/2017
Blithe,Tunnow,Male,69,59605.71,Assamese,18/12/2015
Barbi,Dewes,Female,19,38797.0,Persian,05/07/2011
Felike,Jerwood,Male,71,68652.5,German,10/06/2016
Bryn,Biddlecombe,Female,18,53237.18,Tetum,28/02/2012
Roy,Salan,Male,27,76970.58,Oriya,15/07/2016
Zandra,Foulks,Male,39,87112.93,Montenegrin,15/09/2016
Nancey,Crummay,Female,25,85004.71,Bulgarian,25/06/2017
Edouard,Lazenbury,Female,26,67718.74,Malagasy,25/03/2013
Hersch,Claw,Male,32,68027.04,Malagasy,02/03/2014
Decca,Scimone,Female,28,37105.51,Malayalam,30/11/2012
Odey,Weyland,Male,18,47727.69,Icelandic,24/07/2020
Lauree,Guichard,Female,47,80654.69,Tajik,19/05/2011
Moira,Boaler,Male,60,51626.1,Catalan,02/10/2011
Cchaddie,Chorlton,Female,28,80622.13,Māori,16/02/2017
Holly-anne,Bimson,Female,72,74881.28,Somali,19/04/2018
Kipp,Erskine,Female,37,34609.67,Luxembourgish,12/06/2011
Joell,Fiddian,Female,30,28303.15,Amharic,19/09/2019
Dell,Tulloch,Female,37,59313.0,Dhivehi,03/11/2015
Reinwald,Grainge,Male,74,78019.15,Kazakh,17/08/2013
Moreen,Eastment,Male,63,56138.17,Malayalam,08/05/2019
Dud,Worswick,Female,67,59219.87,Yiddish,08/07/2019
Pip,Cleall,Female,32,44107.54,Armenian,12/12/2018
Corri,Huncote,Male,39,83303.98,Czech,16/01/2018
Evyn,Digman,Female,29,27128.28,Danish,21/11/2013
Lorilee,Leap,Male,33,81115.33,Bosnian,17/12/2016
Arlyne,Swancott,Male,29,50250.81,Thai,05/03/2013
Lilyan,Koeppe,Male,73,47944.29,Quechua,03/11/2020
Clementine,Ford,Male,21,73183.96,Kyrgyz,27/04/2018
Veda,Morman,Male,56,67228.69,Thai,27/03/2013
Maxine,Wrenn,Male,30,63441.98,Kashmiri,01/12/2017
Martino,Bowden,Female,74,40401.87,English,18/01/2020
May,Boecke,Female,57,69292.46,German,30/03/2012
Bethanne,Costen,Male,66,28973.22,Papiamento,26/12/2019
Alix,Dedon,Female,75,48567.9,Bulgarian,14/03/2019
Wyatan,Auchterlonie,Male,22,79252.89,Fijian,25/08/2014
Karlens,Dominey,Female,42,67641.0,Hiri Motu,25/03/2014
Bruno,Exposito,Male,45,42685.55,Tajik,21/06/2011
Hesther,Harkins,Female,51,56278.63,Malagasy,13/12/2010
Gwendolyn,Robertacci,Male,59,54983.04,Gujarati,06/10/2020
Huntlee,Meanwell,Female,20,67893.8,Filipino,26/10/2015
Trace,Erratt,Male,68,39535.97,Khmer,27/08/2014
Chloris,Hotchkin,Female,19,28064.16,Afrikaans,11/04/2016
Sherline,Harme,Female,37,28674.89,Haitian Creole,22/08/2018
Denna,Hurcombe,Male,43,82804.01,Dari,09/05/2015
Tull,Jado,Male,47,78400.37,Northern Sotho,08/11/2013
Rodger,Ikins,Male,28,59915.93,Polish,07/02/2012
Marnia,Pegler,Male,62,44720.5,Haitian Creole,17/08/2012
Kahaleel,Filkin,Female,34,63271.31,Finnish,30/05/2020
Tiebold,Bolmann,Male,33,66294.26,Khmer,15/10/2020
Pepito,Kinchin,Female,42,55622.61,Māori,02/10/2016
Aylmar,Naris,Male,72,41054.78,Tsonga,24/10/2014
Shellysheldon,Game,Male,35,61112.01,Arabic,12/11/2012
Annamarie,Chrishop,Male,40,54582.11,Georgian,09/01/2020
Myrah,Labram,Female,75,83174.82,Tamil,16/09/2011
Blinni,Greenrde,Male,23,86006.05,Burmese,25/08/2019
Ethelin,Grima,Male,31,34481.74,Finnish,09/11/2015
Feliks,Baudi,Female,56,50879.38,Tajik,12/10/2016
Bill,Mabb,Female,60,29804.9,Persian,29/09/2017
Bess,Cable,Male,58,77932.83,Ndebele,26/10/2017
Crystal,Dearn,Male,38,40195.78,Latvian,23/08/2020
Sig,McGriele,Female,18,53381.12,Malagasy,29/09/2012
Lisha,Fernant,Male,66,70834.91,Nepali,08/03/2011
Francisco,Phibb,Male,54,52387.94,Danish,25/11/2011
Tore,Coltman,Male,43,29402.45,Tok Pisin,10/09/2019
Aeriel,Hindshaw,Female,43,51049.08,Kannada,17/05/2014
Meghan,Fearnside,Male,23,56800.08,Gujarati,21/06/2020
Hadrian,Lowrie,Male,47,70263.99,Thai,13/10/2017
Templeton,Tomanek,Male,52,27545.33,Tamil,14/08/2017
Donall,Batter,Female,19,46034.12,Portuguese,01/07/2017
Mallory,Martonfi,Female,63,26346.88,Mongolian,23/04/2019
Bellina,Coldwell,Female,45,81797.19,Icelandic,23/09/2016
Carlye,Marjoribanks,Male,50,73972.45,Moldovan,27/11/2012
Teriann,Skrzynski,Male,58,46716.01,Italian,14/03/2011
Beatrix,Hebblewhite,Male,33,81582.56,Khmer,01/07/2017
Tabbie,Kloser,Female,75,55446.51,Tajik,21/07/2016
North,Klimentyonok,Male,66,69142.59,English,28/10/2019
Kandy,Curling,Female,56,76041.39,Georgian,03/07/2013
Glyn,Riepl,Female,31,54568.56,Fijian,20/02/2011
Lewie,Bendelow,Male,71,64173.41,Luxembourgish,13/10/2017
Nerte,Alton,Male,41,30058.09,Marathi,18/02/2020
Teirtza,Rainton,Male,58,50334.37,Montenegrin,12/06/2016
Herculie,Cassells,Male,38,48741.48,Aymara,01/11/2013
Alvira,Iddison,Male,66,66059.88,Kazakh,07/07/2018
Urbano,Carlisso,Female,45,77220.91,Armenian,12/04/2019
Ekaterina,Hassard,Female,66,73556.97,Tamil,11/09/2015
Grover,See,Female,59,34791.19,Swahili,20/07/2018
Katinka,Williamson,Male,74,40223.04,Catalan,22/09/2017
Lillis,Jukubczak,Male,32,48766.82,Korean,16/09/2014
Gabrielle,Sobey,Female,38,37337.33,Quechua,13/12/2017
Aida,Broxis,Male,63,69002.83,Dutch,29/11/2017
Nero,Silmon,Female,74,26652.77,Pashto,08/06/2019
Sianna,Ibbs,Male,48,45124.2,Lao,04/12/2019
Engelbert,Hollerin,Female,49,80422.67,Kannada,17/04/2011
Koenraad,Cordery,Female,62,68261.81,Irish Gaelic,19/10/2012
Carlyn,Burlingame,Male,32,66450.15,Tsonga,19/11/2018
Alana,Casella,Male,65,83526.02,Dari,26/12/2015
Chelsie,Alan,Female,52,41983.9,Malay,22/09/2015
Beau,Arnefield,Male,71,48457.51,Luxembourgish,16/05/2019
Clari,Broadey,Male,51,73079.74,French,04/07/2014
Krissy,Chapleo,Female,46,77555.43,Tamil,19/08/2020
Georgena,Skelding,Female,30,28463.64,Hiri Motu,23/09/2011
Philipa,Kitchener,Male,54,78512.08,Azeri,28/12/2016
Billy,McPhelimy,Male,38,41938.48,Swedish,06/08/2019
Julio,Oliveras,Female,47,38221.82,Māori,26/09/2020
Cloe,MacDiarmond,Male,46,86040.25,Nepali,18/08/2019
Darice,Aim,Male,46,34281.46,Northern Sotho,08/02/2015
Libbie,Borthe,Female,64,88965.7,Kyrgyz,27/03/2020
Arabele,Kleis,Female,73,82100.72,Kashmiri,12/12/2012
Abelard,Oldam,Female,26,70402.23,Bislama,26/03/2017
Sterne,Conley,Female,58,62920.44,Korean,25/01/2013
Corbin,Northleigh,Female,50,77524.64,Tajik,24/08/2020
Joyan,Cooling,Female,50,44513.29,Swedish,01/04/2014
Aloise,Balmforth,Male,72,40302.28,Papiamento,13/12/2015
Donnamarie,Kolyagin,Male,70,26695.04,Icelandic,28/04/2018
Verena,Blunsom,Female,73,77218.6,Telugu,18/02/2019
Deane,Prescote,Male,53,38383.99,Amharic,25/07/2020
Cheryl,Harridge,Male,57,86304.67,Yiddish,30/05/2013
Cammie,Capponeer,Male,21,37357.8,Armenian,13/07/2015
Pavia,Micklem,Male,45,61491.26,Sotho,15/05/2013
Hieronymus,Spurgin,Female,36,71749.64,Estonian,15/02/2013
Claudell,Greggs,Male,33,74992.57,Malayalam,06/09/2019
Vicky,Durling,Male,31,64119.39,Czech,18/09/2017
Zelda,Torricina,Male,28,48130.1,French,13/01/2017
Philis,Pavese,Male,75,74706.06,Finnish,27/01/2019
Aurlie,Tomaszkiewicz,Male,37,57313.12,Swahili,19/06/2019
Mahmoud,Albin,Male,58,64232.0,Amharic,15/01/2017
Ezekiel,Denisovich,Female,19,68926.23,Danish,25/03/2016
Tansy,Gaukrodge,Female,45,76844.38,Bulgarian,09/05/2016
Tye,Olijve,Male,32,69855.89,Montenegrin,19/02/2011
Rina,Somerled,Male,36,33437.37,Greek,07/12/2011
Emmery,Yule,Female,74,55748.82,Oriya,22/02/2011
Janela,Enriquez,Female,33,47168.68,Telugu,18/06/2016
Emmie,Bauman,Male,62,59249.33,Māori,23/07/2016
Niccolo,Furber,Male,19,39041.1,Māori,17/02/2013
Carmella,Gildea,Male,71,52226.5,Tamil,23/03/2011
Min,Madison,Female,68,65873.65,Indonesian,24/12/2010
Austen,Runsey,Male,55,46492.95,Arabic,01/01/2020
Devlen,Nehlsen,Male,36,77267.05,Tswana,25/02/2019
Brittne,Lilley,Female,31,26509.24,Norwegian,26/05/2016
Rosabella,Izakov,Male,27,45514.83,Tetum,24/06/2018
Vonnie,McEnery,Male,68,56131.83,Luxembourgish,24/11/2020
Blondell,Marjoram,Male,52,70470.55,Dhivehi,23/01/2013
Aleta,Simpson,Female,70,65773.92,Hungarian,04/04/2020
Remy,Couthard,Male,53,87993.88,Arabic,18/07/2016
Corey,Dincey,Male,57,84132.28,Ndebele,03/12/2010
Gusti,Billinge,Male,25,61138.47,Zulu,28/04/2020
Franny,Litchmore,Female,35,62977.71,Oriya,27/10/2018
Duncan,Burnall,Male,59,73530.49,Arabic,02/10/2011
Elbertina,Agron,Female,56,54539.41,Kashmiri,02/05/2015
Cherie,Dukesbury,Male,73,78183.6,Tamil,04/09/2017
Celka,Boyse,Female,31,70880.5,Malagasy,31/03/2016
Ursola,Sapsforde,Female,25,42109.75,Luxembourgish,01/12/2015
Shamus,Brunker,Female,53,64311.68,Bulgarian,18/12/2018
Glendon,Rhubottom,Male,46,32236.52,Tamil,01/10/2017
Beatriz,Stinson,Female,47,73191.5,Chinese,14/11/2020
Titus,Zavattiero,Male,56,79604.77,Oriya,02/10/2012
Griswold,Lacroix,Female,56,80089.36,Tetum,24/01/2012
Genni,Blaszczak,Female,52,33321.26,Dari,15/12/2018
Chen,Domesday,Male,43,28256.94,Maltese,14/09/2018
Manon,Furtado,Male,74,32423.41,Italian,29/02/2020
Vivie,Brussell,Male,47,64914.82,English,07/09/2014
Reinwald,Marxsen,Female,74,42664.0,Arabic,22/09/2020
Konstantin,Curnock,Female,54,25450.1,Quechua,08/10/2017
Saunderson,Olin,Female,49,64733.14,Aymara,01/01/2018
