[{"first_name":"Evanne","last_name":"Hacket","gender":"Female","age":32,"salary":77768.64,"language":"Maltese","date":"29/01/2015"},
{"first_name":"Tabbie","last_name":"McCorkell","gender":"Female","age":29,"salary":82434.0,"language":"Bosnian","date":"04/04/2015"},
{"first_name":"Temp","last_name":"Dumphry","gender":"Male","age":35,"salary":85228.34,"language":"Malagasy","date":"15/06/2017"},
{"first_name":"Merline","last_name":"Grebbin","gender":"Male","age":72,"salary":50050.84,"language":"Sotho","date":"24/08/2014"},
{"first_name":"Stephi","last_name":"Gerring","gender":"Male","age":21,"salary":69894.6,"language":"Swedish","date":"11/03/2014"},
{"first_name":"Lorettalorna","last_name":"Syrett","gender":"Female","age":60,"salary":82772.61,"language":"Hindi","date":"26/09/2019"},
{"first_name":"Ambrosius","last_name":"Ferrarotti","gender":"Male","age":40,"salary":72222.98,"language":"Belarusian","date":"01/09/2019"},
{"first_name":"Ellen","last_name":"Borg","gender":"Female","age":61,"salary":49464.24,"language":"Dutch","date":"24/05/2017"},
{"first_name":"Odille","last_name":"Aylott","gender":"Female","age":20,"salary":77144.84,"language":"Bislama","date":"13/11/2019"},
{"first_name":"Juli","last_name":"Cunningham","gender":"Male","age":59,"salary":48073.81,"language":"Telugu","date":"10/10/2011"},
{"first_name":"Corbin","last_name":"Malam","gender":"Female","age":52,"salary":73396.01,"language":"English","date":"19/12/2019"},
{"first_name":"Emery","last_name":"Azema","gender":"Female","age":23,"salary":80436.22,"language":"Papiamento","date":"10/10/2014"},
{"first_name":"Atalanta","last_name":"Cridlin","gender":"Male","age":36,"salary":67925.36,"language":"French","date":"10/06/2015"},
{"first_name":"Grannie","last_name":"Pothbury","gender":"Female","age":44,"salary":68104.81,"language":"Latvian","date":"18/06/2019"},
{"first_name":"Florinda","last_name":"Proud","gender":"Male","age":44,"salary":57338.85,"language":"Estonian","date":"18/05/2012"},
{"first_name":"Percival","last_name":"de Werk","gender":"Female","age":18,"salary":65687.53,"language":"Spanish","date":"18/05/2011"},
{"first_name":"Nerte","last_name":"Stucksbury","gender":"Male","age":49,"salary":87707.27,"language":"Malayalam","date":"21/02/2017"},
{"first_name":"Zebulen","last_name":"Rissom","gender":"Male","age":69,"salary":60988.25,"language":"Kazakh","date":"06/10/2017"},
{"first_name":"Indira","last_name":"Eager","gender":"Male","age":23,"salary":83020.25,"language":"Chinese","date":"13/11/2018"},
{"first_name":"Hobey","last_name":"Lauridsen","gender":"Female","age":47,"salary":40324.12,"language":"Swedish","date":"17/08/2015"},
{"first_name":"Nikolia","last_name":"Bidmead","gender":"Female","age":27,"salary":65165.59,"language":"Dhivehi","date":"18/10/2014"},
{"first_name":"Paddy","last_name":"Croson","gender":"Female","age":59,"salary":38823.73,"language":"Bulgarian","date":"08/06/2016"},
{"first_name":"Meredeth","last_name":"Duckerin","gender":"Female","age":51,"salary":60602.28,"language":"Somali","date":"11/03/2017"},
{"first_name":"Bethina","last_name":"Eggar","gender":"Female","age":32,"salary":69933.88,"language":"Gagauz","date":"14/06/2017"},
{"first_name":"Eadie","last_name":"Conklin","gender":"Female","age":66,"salary":78616.84,"language":"Portuguese","date":"19/01/2018"},
{"first_name":"Minette","last_name":"Cossins","gender":"Female","age":33,"salary":69979.66,"language":"English","date":"20/10/2018"},
{"first_name":"Jimmy","last_name":"Lugden","gender":"Male","age":21,"salary":54536.07,"language":"Hungarian","date":"30/03/2014"},
{"first_name":"Reinaldos","last_name":"Alishoner","gender":"Male","age":72,"salary":60866.28,"language":"Tamil","date":"02/04/2013"},
{"first_name":"Halie","last_name":"Agge","gender":"Male","age":27,"salary":47770.56,"language":"Hindi","date":"05/08/2011"},
{"first_name":"Ally","last_name":"Djurisic","gender":"Female","age":25,"salary":66833.19,"language":"Tajik","date":"08/09/2015"},
{"first_name":"Carlita","last_name":"Coggell","gender":"Male","age":41,"salary":79242.72,"language":"Assamese","date":"18/03/2012"},
{"first_name":"Farrah","last_name":"Benson","gender":"Male","age":57,"salary":35169.5,"language":"Polish","date":"31/12/2018"},
{"first_name":"Carolin","last_name":"Nowak","gender":"Female","age":67,"salary":31793.42,"language":"Ndebele","date":"03/05/2014"},
{"first_name":"Ronald","last_name":"Bea","gender":"Female","age":42,"salary":82192.61,"language":"Lithuanian","date":"24/03/2011"},
{"first_name":"Darbee","last_name":"Troop","gender":"Male","age":23,"salary":57231.9,"language":"Zulu","date":"19/01/2014"},
{"first_name":"Amelie","last_name":"Cobb","gender":"Male","age":53,"salary":32756.8,"language":"Hindi","date":"29/09/2017"},
{"first_name":"Cairistiona","last_name":"Hamm","gender":"Male","age":53,"salary":30832.78,"language":"Kashmiri","date":"09/08/2019"},
{"first_name":"Gilbert","last_name":"Uppett","gender":"Male","age":62,"salary":33622.87,"language":"Telugu","date":"28/06/2014"},
{"first_name":"Holmes","last_name":"Shieber","gender":"Female","age":28,"salary":73425.18,"language":"Kyrgyz","date":"10/12/2017"},
{"first_name":"Case","last_name":"Kix","gender":"Male","age":20,"salary":86666.32,"language":"Afrikaans","date":"18/07/2012"},
{"first_name":"Barret","last_name":"Skein","gender":"Male","age":69,"salary":33851.71,"language":"Amharic","date":"07/05/2016"},
{"first_name":"Cherye","last_name":"Korba","gender":"Male","age":46,"salary":66184.79,"language":"Icelandic","date":"17/05/2020"},
{"first_name":"Robers","last_name":"Battabee","gender":"Female","age":74,"salary":30084.7,"language":"Filipino","date":"04/03/2015"},
{"first_name":"Candy","last_name":"Evill","gender":"Female","age":57,"salary":61512.18,"language":"Croatian","date":"31/01/2019"},
{"first_name":"Hansiain","last_name":"Taylor","gender":"Male","age":50,"salary":54786.23,"language":"Dhivehi","date":"28/04/2012"},
{"first_name":"Willis","last_name":"Jagg","gender":"Female","age":22,"salary":82071.89,"language":"Marathi","date":"27/08/2020"},
{"first_name":"Gladi","last_name":"Frostdick","gender":"Female","age":74,"salary":39138.57,"language":"Amharic","date":"21/06/2019"},
{"first_name":"Glennis","last_name":"Deller","gender":"Male","age":61,"salary":46574.74,"language":"Pashto","date":"19/11/2011"},
{"first_name":"Pembroke","last_name":"Lichfield","gender":"Male","age":49,"salary":49066.89,"language":"Malagasy","date":"08/09/2015"},
{"first_name":"Jaine","last_name":"Shieldon","gender":"Male","age":48,"salary":89529.14,"language":"Thai","date":"20/11/2012"},
{"first_name":"Amber","last_name":"Filan","gender":"Male","age":44,"salary":87874.79,"language":"Gagauz","date":"12/11/2012"},
{"first_name":"Remus","last_name":"Bagenal","gender":"Male","age":63,"salary":25318.13,"language":"Pashto","date":"25/01/2017"},
{"first_name":"Pauletta","last_name":"Grice","gender":"Male","age":57,"salary":65873.39,"language":"Bulgarian","date":"04/03/2016"},
{"first_name":"Ailey","last_name":"Candlin","gender":"Male","age":71,"salary":35952.39,"language":"Georgian","date":"05/01/2016"},
{"first_name":"Virginia","last_name":"Keoghane","gender":"Female","age":39,"salary":25000.54,"language":"Bosnian","date":"23/07/2017"},
{"first_name":"Aubry","last_name":"Hearnshaw","gender":"Male","age":43,"salary":34277.37,"language":"Kashmiri","date":"25/12/2010"},
{"first_name":"Charlotte","last_name":"Rosenboim","gender":"Male","age":56,"salary":28508.23,"language":"French","date":"21/12/2015"},
{"first_name":"Justin","last_name":"Saipy","gender":"Male","age":30,"salary":66134.14,"language":"Tajik","date":"25/08/2018"},
{"first_name":"Donica","last_name":"Tunmore","gender":"Female","age":31,"salary":47682.04,"language":"Belarusian","date":"15/11/2014"},
{"first_name":"Stanislaw","last_name":"Battin","gender":"Male","age":57,"salary":73398.57,"language":"Hiri Motu","date":"25/02/2017"},
{"first_name":"Almeria","last_name":"Dawley","gender":"Female","age":60,"salary":33224.18,"language":"Finnish","date":"16/12/2014"},
{"first_name":"Paulie","last_name":"Starkey","gender":"Female","age":21,"salary":65969.8,"language":"Hindi","date":"22/01/2014"},
{"first_name":"Donavon","last_name":"Brandli","gender":"Male","age":49,"salary":55818.05,"language":"Persian","date":"04/11/2014"},
{"first_name":"Lulu","last_name":"Kos","gender":"Female","age":33,"salary":65788.93,"language":"Tswana","date":"19/02/2011"},
{"first_name":"Terri-jo","last_name":"McLoughlin","gender":"Female","age":75,"salary":42935.41,"language":"Spanish","date":"05/06/2019"},
{"first_name":"Bronnie","last_name":"Syplus","gender":"Female","age":57,"salary":40734.66,"language":"Belarusian","date":"02/05/2012"},
{"first_name":"Zara","last_name":"Trulocke","gender":"Male","age":75,"salary":89338.15,"language":"Lithuanian","date":"29/11/2017"},
{"first_name":"Tonnie","last_name":"Spickett","gender":"Female","age":22,"salary":33021.47,"language":"Tajik","date":"28/03/2012"},
{"first_name":"Quent","last_name":"Thackston","gender":"Male","age":30,"salary":29738.11,"language":"Burmese","date":"12/12/2014"},
{"first_name":"Doralynne","last_name":"Guarnier","gender":"Male","age":50,"salary":41773.93,"language":"Somali","date":"13/02/2012"},
{"first_name":"Issiah","last_name":"Hemphall","gender":"Female","age":48,"salary":60904.84,"language":"Filipino","date":"16/11/2020"},
{"first_name":"Cherie","last_name":"Ryce","gender":"Female","age":46,"salary":66368.01,"language":"Lao","date":"03/08/2017"},
{"first_name":"Elwira","last_name":"Barnet","gender":"Male","age":74,"salary":75944.97,"language":"Fijian","date":"09/04/2018"},
{"first_name":"Dora","last_name":"Lacelett","gender":"Female","age":48,"salary":60471.9,"language":"Macedonian","date":"09/12/2010"},
{"first_name":"Tedie","last_name":"Spitaro","gender":"Female","age":48,"salary":60991.34,"language":"Aymara","date":"04/12/2010"},
{"first_name":"Otha","last_name":"Rockhall","gender":"Male","age":51,"salary":70490.53,"language":"English","date":"03/07/2012"},
{"first_name":"Marla","last_name":"Truss","gender":"Female","age":57,"salary":51701.46,"language":"West Frisian","date":"16/10/2014"},
{"first_name":"Mireille","last_name":"Tynnan","gender":"Male","age":59,"salary":53620.9,"language":"Dzongkha","date":"18/10/2019"},
{"first_name":"Launce","last_name":"Sommerlin","gender":"Female","age":35,"salary":54111.62,"language":"Filipino","date":"28/11/2016"},
{"first_name":"Clem","last_name":"Rubartelli","gender":"Female","age":59,"salary":65680.16,"language":"Bosnian","date":"07/07/2011"},
{"first_name":"Pincus","last_name":"Danick","gender":"Male","age":24,"salary":68822.81,"language":"Hungarian","date":"26/06/2017"},
{"first_name":"Bette","last_name":"Puddifer","gender":"Male","age":26,"salary":65795.81,"language":"Gujarati","date":"16/01/2012"},
{"first_name":"Selma","last_name":"Cossam","gender":"Female","age":26,"salary":71880.58,"language":"Tok Pisin","date":"15/03/2011"},
{"first_name":"Linc","last_name":"Devlin","gender":"Female","age":72,"salary":42388.48,"language":"Norwegian","date":"27/10/2015"},
{"first_name":"Kariotta","last_name":"Churly","gender":"Female","age":28,"salary":68609.13,"language":"Azeri","date":"26/03/2020"},
{"first_name":"Mikkel","last_name":"Lemmertz","gender":"Female","age":39,"salary":44506.97,"language":"Kyrgyz","date":"09/01/2013"},
{"first_name":"Noach","last_name":"Pugh","gender":"Male","age":29,"salary":86806.39,"language":"Marathi","date":"02/03/2013"},
{"first_name":"Davy","last_name":"Stallon","gender":"Male","age":62,"salary":84514.59,"language":"Malagasy","date":"01/08/2020"},
{"first_name":"Letisha","last_name":"Turford","gender":"Male","age":55,"salary":50079.79,"language":"Malagasy","date":"21/06/2014"},
{"first_name":"Shelli","last_name":"Linde","gender":"Male","age":59,"salary":45782.68,"language":"Montenegrin","date":"17/03/2013"},
{"first_name":"Rivalee","last_name":"Telling","gender":"Female","age":21,"salary":76221.88,"language":"Malagasy","date":"09/12/2016"},
{"first_name":"De","last_name":"Jeggo","gender":"Female","age":54,"salary":86005.93,"language":"Malayalam","date":"07/11/2020"},
{"first_name":"Lauren","last_name":"Cauldwell","gender":"Male","age":38,"salary":76148.25,"language":"Tsonga","date":"02/03/2015"},
{"first_name":"Royall","last_name":"Beauvais","gender":"Male","age":62,"salary":86178.4,"language":"Thai","date":"17/05/2017"},
{"first_name":"Foster","last_name":"Temple","gender":"Female","age":70,"salary":58509.26,"language":"Polish","date":"27/03/2015"},
{"first_name":"Griswold","last_name":"Jarvis","gender":"Male","age":74,"salary":87380.11,"language":"Estonian","date":"06/06/2020"},
{"first_name":"Arleen","last_name":"Ingerman","gender":"Female","age":62,"salary":74571.09,"language":"Tok Pisin","date":"29/07/2013"},
{"first_name":"Ettore","last_name":"Mannooch","gender":"Male","age":61,"salary":76164.75,"language":"Quechua","date":"13/12/2016"},
{"first_name":"Pincus","last_name":"Boughey","gender":"Female","age":22,"salary":80957.95,"language":"Czech","date":"30/04/2020"},
{"first_name":"Paolina","last_name":"Haydn","gender":"Female","age":45,"salary":28401.47,"language":"New Zealand Sign Language","date":"01/05/2017"}]